Molecule ChEMBL ID,Molecule Name,Molecule Max Phase,Molecular Weight,#RO5 Violations,AlogP,Compound Key,Smiles,Standard Type,Standard Relation,Standard Value,Standard Units,pChEMBL Value,Data Validity Comment,Comment,Uo Units,Ligand Efficiency BEI,Ligand Efficiency LE,Ligand Efficiency LLE,Ligand Efficiency SEI,Potential Duplicate,Assay ChEMBL ID,Assay Description,Assay Type,BAO Format ID,BAO Label,Assay Organism,Assay Tissue ChEMBL ID,Assay Tissue Name,Assay Cell Type,Assay Subcellular Fraction,Assay Parameters,Assay Variant Accession,Assay Variant Mutation,Target ChEMBL ID,Target Name,Target Organism,Target Type,Document ChEMBL ID,Source ID,Source Description,Document Journal,Document Year,Cell ChEMBL ID,Properties,Action Type,Standard Text Value
CHEMBL398749,,None,387.07,0,4.81,5,O=S(=O)(Nc1cc(Cl)cc(Cl)c1)c1cc(Cl)cc(Cl)c1O,IC50,=',2300.0,nM,5.64,,,UO_0000065,14.57,0.37,0.83,8.49,0,CHEMBL906357,Inhibition of human recombinant ATP-citrate lyase,B,BAO_0000357,single protein format,Homo sapiens,None,None,None,None,,,,CHEMBL3720,ATP-citrate synthase,Homo sapiens,SINGLE PROTEIN,CHEMBL1139904,1,Scientific Literature,Bioorg Med Chem Lett,2007,None,,,
CHEMBL120253,,None,383.83,0,2.51,63,O=C(O)C[C@@](O)(C[C@H](O)CCCCn1ccc2cc(Cl)ccc21)C(=O)O,Ki,=',160000.0,nM,,Outside typical range,,UO_0000065,,,,,0,CHEMBL643074,Inhibitory activity against human recombinant ATP-Citrate Lyase (ACL) enzyme,B,BAO_0000357,single protein format,None,None,None,None,None,,,,CHEMBL3720,ATP-citrate synthase,Homo sapiens,SINGLE PROTEIN,CHEMBL1131093,1,Scientific Literature,J Med Chem,1998,None,,,
CHEMBL2165260,,None,465.97,0,4.28,133,Cc1cn(-c2cc(Cl)ccc2CCCCCC[C@H](O)C[C@@](O)(CC(=O)O)C(=O)O)cc1C,Ki,=',300.0,nM,6.52,,,UO_0000065,14.00,0.28,2.24,5.44,0,CHEMBL2169035,Inhibition of human recombinant ACLY,B,BAO_0000357,single protein format,Homo sapiens,None,None,None,None,,,,CHEMBL3720,ATP-citrate synthase,Homo sapiens,SINGLE PROTEIN,CHEMBL2163275,1,Scientific Literature,J Med Chem,2011,None,,,
CHEMBL119628,,None,407.29,0,3.53,"130, SB-201076",O=C(O)C[C@@](O)(C[C@H](O)CCCCCCc1ccc(Cl)cc1Cl)C(=O)O,Ki,=',1000.0,nM,6.00,,,UO_0000065,14.73,0.32,2.47,5.21,1,CHEMBL2169035,Inhibition of human recombinant ACLY,B,BAO_0000357,single protein format,Homo sapiens,None,None,None,None,,,,CHEMBL3720,ATP-citrate synthase,Homo sapiens,SINGLE PROTEIN,CHEMBL2163275,1,Scientific Literature,J Med Chem,2011,None,,,
CHEMBL118726,,None,487.98,0,4.49,68,O=C(O)C[C@@](O)(C[C@H](O)CCCCCn1cc(Cc2ccccc2)c2cc(Cl)ccc21)C(=O)O,Ki,=',2900.0,nM,5.54,,,UO_0000065,11.35,0.22,01.05,4.62,0,CHEMBL643074,Inhibitory activity against human recombinant ATP-Citrate Lyase (ACL) enzyme,B,BAO_0000357,single protein format,None,None,None,None,None,,,,CHEMBL3720,ATP-citrate synthase,Homo sapiens,SINGLE PROTEIN,CHEMBL1131093,1,Scientific Literature,J Med Chem,1998,None,,,
CHEMBL4094239,,None,522.45,2,7.53,D1,COc1c(F)c(F)c(C(Oc2ccc3oc(-c4ccccc4)c(C(=O)O)c3c2)c2ccccc2)c(F)c1F,Inhibition,=',52.0,%,,,,UO_0000187,,,,,0,CHEMBL4001967,Inhibition of ATP citrate lyase (unknown origin) at 10 uM using sodium citrate as substrate in presence of CoA/ATP by ADP-Glo luminescence assay relative to control,B,BAO_0000357,single protein format,Homo sapiens,None,None,None,None,,,,CHEMBL3720,ATP-citrate synthase,Homo sapiens,SINGLE PROTEIN,CHEMBL4000242,1,Scientific Literature,Bioorg Med Chem Lett,2017,None,,,
CHEMBL118408,,None,517.83,2,5.85,56,O=C(O)C[C@@](O)(C[C@H](O)CCCCCCc1ccc(Cl)cc1-c1ccc(Cl)cc1Cl)C(=O)O,Ki,=',21000.0,nM,4.68,,,UO_0000065,09.03,0.19,-1.17,04.07,0,CHEMBL643074,Inhibitory activity against human recombinant ATP-Citrate Lyase (ACL) enzyme,B,BAO_0000357,single protein format,None,None,None,None,None,,,,CHEMBL3720,ATP-citrate synthase,Homo sapiens,SINGLE PROTEIN,CHEMBL1131093,1,Scientific Literature,J Med Chem,1998,None,,,
CHEMBL324097,,None,407.29,0,3.53,46,O=C(O)C[C@@](O)(C[C@@H](O)CCCCCCc1ccc(Cl)cc1Cl)C(=O)O,Ki,=',2000.0,nM,5.70,,,UO_0000065,13.99,0.30,2.17,4.95,0,CHEMBL643074,Inhibitory activity against human recombinant ATP-Citrate Lyase (ACL) enzyme,B,BAO_0000357,single protein format,None,None,None,None,None,,,,CHEMBL3720,ATP-citrate synthase,Homo sapiens,SINGLE PROTEIN,CHEMBL1131093,1,Scientific Literature,J Med Chem,1998,None,,,
CHEMBL120621,,None,340.44,0,2.81,61,O=C(O)CC(O)(CSCCCCCCc1ccccc1)C(=O)O,Ki,=',320000.0,nM,,Outside typical range,,UO_0000065,,,,,0,CHEMBL642006,Inhibitory activity against human recombinant ATP-Citrate Lyase was measured by the maleate dehydrogenase catalyzed reduction of oxaloacetate by NADH,B,BAO_0000357,single protein format,None,None,None,None,None,,,,CHEMBL3720,ATP-citrate synthase,Homo sapiens,SINGLE PROTEIN,CHEMBL1129688,1,Scientific Literature,J Med Chem,1996,None,,,
CHEMBL119628,,None,407.29,0,3.53,45,O=C(O)C[C@@](O)(C[C@H](O)CCCCCCc1ccc(Cl)cc1Cl)C(=O)O,Ki,=',1000.0,nM,6.00,,,UO_0000065,14.73,0.32,2.47,5.21,0,CHEMBL643073,Inhibitory activity was tested against human recombinant ATP-Citrate Lyase (ACL) enzyme,B,BAO_0000357,single protein format,None,None,None,None,None,,,,CHEMBL3720,ATP-citrate synthase,Homo sapiens,SINGLE PROTEIN,CHEMBL1131093,1,Scientific Literature,J Med Chem,1998,None,,,
CHEMBL249069,,None,430.40,1,06.09,4,CC(C)(C)c1cc(NS(=O)(=O)c2cc(Cl)cc(Cl)c2O)cc(C(C)(C)C)c1,IC50,=',1100.0,nM,5.96,,,UO_0000065,13.84,0.30,-0.13,8.97,0,CHEMBL906357,Inhibition of human recombinant ATP-citrate lyase,B,BAO_0000357,single protein format,Homo sapiens,None,None,None,None,,,,CHEMBL3720,ATP-citrate synthase,Homo sapiens,SINGLE PROTEIN,CHEMBL1139904,1,Scientific Literature,Bioorg Med Chem Lett,2007,None,,,
CHEMBL118966,,None,462.97,0,4.85,53,Cc1ccc(-c2cc(Cl)ccc2CCCCCC[C@@H](O)C[C@](O)(CC(=O)O)C(=O)O)cc1,Ki,=',2700.0,nM,5.57,,,UO_0000065,12.03,0.24,0.72,4.84,0,CHEMBL643074,Inhibitory activity against human recombinant ATP-Citrate Lyase (ACL) enzyme,B,BAO_0000357,single protein format,None,None,None,None,None,,,,CHEMBL3720,ATP-citrate synthase,Homo sapiens,SINGLE PROTEIN,CHEMBL1131093,1,Scientific Literature,J Med Chem,1998,None,,,
CHEMBL263490,,None,466.93,0,4.68,52,O=C(O)C[C@@](O)(C[C@H](O)CCCCCCc1ccc(Cl)cc1-c1ccc(F)cc1)C(=O)O,Ki,=',2700.0,nM,5.57,,,UO_0000065,11.93,0.24,0.89,4.84,0,CHEMBL643074,Inhibitory activity against human recombinant ATP-Citrate Lyase (ACL) enzyme,B,BAO_0000357,single protein format,None,None,None,None,None,,,,CHEMBL3720,ATP-citrate synthase,Homo sapiens,SINGLE PROTEIN,CHEMBL1131093,1,Scientific Literature,J Med Chem,1998,None,,,
CHEMBL119933,,None,478.97,0,4.45,62,O=C(O)C[C@@](O)(C[C@H](O)CCCCCCc1ccc(Cl)cc1OCc1ccccc1)C(=O)O,Ki,=',1100.0,nM,5.96,,,UO_0000065,12.44,0.25,1.51,4.79,0,CHEMBL643074,Inhibitory activity against human recombinant ATP-Citrate Lyase (ACL) enzyme,B,BAO_0000357,single protein format,None,None,None,None,None,,,,CHEMBL3720,ATP-citrate synthase,Homo sapiens,SINGLE PROTEIN,CHEMBL1131093,1,Scientific Literature,J Med Chem,1998,None,,,
CHEMBL119628,,None,407.29,0,3.53,"34, SB-201076",O=C(O)C[C@@](O)(C[C@H](O)CCCCCCc1ccc(Cl)cc1Cl)C(=O)O,Ki,=',1000.0,nM,6.00,,,UO_0000065,14.73,0.32,2.47,5.21,1,CHEMBL925175,Inhibition of human ATP citrate lyase,B,BAO_0000357,single protein format,Homo sapiens,None,None,None,None,,,,CHEMBL3720,ATP-citrate synthase,Homo sapiens,SINGLE PROTEIN,CHEMBL1140634,1,Scientific Literature,Bioorg Med Chem,2007,None,,,
CHEMBL250942,,None,478.35,1,5.37,14,O=C(OC/C=C\c1ccccc1)c1ccccc1NS(=O)(=O)c1cc(Cl)cc(Cl)c1O,IC50,=',340.0,nM,6.47,,,UO_0000065,13.52,0.28,1.10,6.98,0,CHEMBL906357,Inhibition of human recombinant ATP-citrate lyase,B,BAO_0000357,single protein format,Homo sapiens,None,None,None,None,,,,CHEMBL3720,ATP-citrate synthase,Homo sapiens,SINGLE PROTEIN,CHEMBL1139904,1,Scientific Literature,Bioorg Med Chem Lett,2007,None,,,
CHEMBL400743,,None,546.48,2,8.50,8,O=S(=O)(Nc1c(-c2ccccc2)cc(-c2ccccc2)cc1-c1ccccc1)c1cc(Cl)cc(Cl)c1O,IC50,=',190.0,nM,6.72,,,UO_0000065,12.30,0.25,-1.78,10.12,0,CHEMBL906357,Inhibition of human recombinant ATP-citrate lyase,B,BAO_0000357,single protein format,Homo sapiens,None,None,None,None,,,,CHEMBL3720,ATP-citrate synthase,Homo sapiens,SINGLE PROTEIN,CHEMBL1139904,1,Scientific Literature,Bioorg Med Chem Lett,2007,None,,,
CHEMBL119628,,None,407.29,0,3.53,2,O=C(O)C[C@@](O)(C[C@H](O)CCCCCCc1ccc(Cl)cc1Cl)C(=O)O,IC50,=',2100.0,nM,5.68,,,UO_0000065,13.94,0.30,2.15,4.93,0,CHEMBL906357,Inhibition of human recombinant ATP-citrate lyase,B,BAO_0000357,single protein format,Homo sapiens,None,None,None,None,,,,CHEMBL3720,ATP-citrate synthase,Homo sapiens,SINGLE PROTEIN,CHEMBL1139904,1,Scientific Literature,Bioorg Med Chem Lett,2007,None,,,
CHEMBL118715,,None,208.12,0,-2.28,1,O=C(O)C[C@@](O)(C(=O)O)[C@H](O)C(=O)O,IC50,=',150.0,nM,6.82,,,UO_0000065,32.79,0.67,9.10,4.48,0,CHEMBL906357,Inhibition of human recombinant ATP-citrate lyase,B,BAO_0000357,single protein format,Homo sapiens,None,None,None,None,,,,CHEMBL3720,ATP-citrate synthase,Homo sapiens,SINGLE PROTEIN,CHEMBL1139904,1,Scientific Literature,Bioorg Med Chem Lett,2007,None,,,
CHEMBL250941,,None,500.44,2,6.12,13,CC1CCC(C(C)C)C(OC(=O)c2ccccc2NS(=O)(=O)c2cc(Cl)cc(Cl)c2O)C1,IC50,=',370.0,nM,6.43,,,UO_0000065,12.85,0.27,0.31,6.94,0,CHEMBL906357,Inhibition of human recombinant ATP-citrate lyase,B,BAO_0000357,single protein format,Homo sapiens,None,None,None,None,,,,CHEMBL3720,ATP-citrate synthase,Homo sapiens,SINGLE PROTEIN,CHEMBL1139904,1,Scientific Literature,Bioorg Med Chem Lett,2007,None,,,
CHEMBL399634,,None,402.34,1,5.62,10,CCCCCCc1ccc(NS(=O)(=O)c2cc(Cl)cc(Cl)c2O)cc1,IC50,=',6900.0,nM,5.16,,,UO_0000065,12.83,0.28,-0.46,7.77,0,CHEMBL906357,Inhibition of human recombinant ATP-citrate lyase,B,BAO_0000357,single protein format,Homo sapiens,None,None,None,None,,,,CHEMBL3720,ATP-citrate synthase,Homo sapiens,SINGLE PROTEIN,CHEMBL1139904,1,Scientific Literature,Bioorg Med Chem Lett,2007,None,,,
CHEMBL120906,,None,432.30,0,3.55,66,O=C(O)C[C@@](O)(C[C@H](O)CCCCCn1ccc2cc(Cl)cc(Cl)c21)C(=O)O,Ki,=',1800.0,nM,5.75,,,UO_0000065,13.29,0.28,2.19,4.79,0,CHEMBL643074,Inhibitory activity against human recombinant ATP-Citrate Lyase (ACL) enzyme,B,BAO_0000357,single protein format,None,None,None,None,None,,,,CHEMBL3720,ATP-citrate synthase,Homo sapiens,SINGLE PROTEIN,CHEMBL1131093,1,Scientific Literature,J Med Chem,1998,None,,,
CHEMBL332774,,None,447.92,0,04.05,75,O=C(O)C[C@@](O)(C[C@H](O)CCCCCn1c2ccccc2c2cc(Cl)ccc21)C(=O)O,Ki,=',710.0,nM,6.15,,,UO_0000065,13.73,0.27,2.10,5.12,0,CHEMBL643074,Inhibitory activity against human recombinant ATP-Citrate Lyase (ACL) enzyme,B,BAO_0000357,single protein format,None,None,None,None,None,,,,CHEMBL3720,ATP-citrate synthase,Homo sapiens,SINGLE PROTEIN,CHEMBL1131093,1,Scientific Literature,J Med Chem,1998,None,,,
CHEMBL1600834,,None,399.40,0,4.53,C3,Cc1oc2c(cc(NS(=O)(=O)c3ccc(F)cc3)c3ccccc32)c1C(=O)O,Inhibition,=',28.0,%,,,,UO_0000187,,,,,0,CHEMBL4001967,Inhibition of ATP citrate lyase (unknown origin) at 10 uM using sodium citrate as substrate in presence of CoA/ATP by ADP-Glo luminescence assay relative to control,B,BAO_0000357,single protein format,Homo sapiens,None,None,None,None,,,,CHEMBL3720,ATP-citrate synthase,Homo sapiens,SINGLE PROTEIN,CHEMBL4000242,1,Scientific Literature,Bioorg Med Chem Lett,2017,None,,,
CHEMBL4070747,,None,347.33,0,2.95,1m,Cc1cc(O)c2c(c1)C(=O)c1cc(O)c(-c3ccncc3)c(O)c1C2=O,Inhibition,=',0.0,%,,,,UO_0000187,,,,,0,CHEMBL4001213,Inhibition of ATP citrate lyase (unknown origin) at 10 uM using sodium citrate as substrate after 60 mins by ADP-Glo luminescence assay relative to control,B,BAO_0000357,single protein format,Homo sapiens,None,None,None,None,,,,CHEMBL3720,ATP-citrate synthase,Homo sapiens,SINGLE PROTEIN,CHEMBL4000187,1,Scientific Literature,Eur J Med Chem,2017,None,,,
CHEMBL4087965,,None,354.36,0,3.85,B1,Cc1c(OCc2ccc(C(=O)O)o2)ccc2c3c(c(=O)oc12)CCCC3,Inhibition,=',88.0,%,,,,UO_0000187,,,,,0,CHEMBL4001968,Inhibition of ATP citrate lyase (unknown origin) at 100 uM using sodium citrate as substrate in presence of CoA/ATP by ADP-Glo luminescence assay relative to control,B,BAO_0000357,single protein format,Homo sapiens,None,None,None,None,,,,CHEMBL3720,ATP-citrate synthase,Homo sapiens,SINGLE PROTEIN,CHEMBL4000242,1,Scientific Literature,Bioorg Med Chem Lett,2017,None,,,
CHEMBL1399565,,None,326.30,0,3.64,D3,Cc1oc2ccc(OC(C(=O)O)c3ccccc3)cc2c1C(=O)O,Inhibition,=',9.0,%,,,,UO_0000187,,,,,0,CHEMBL4001968,Inhibition of ATP citrate lyase (unknown origin) at 100 uM using sodium citrate as substrate in presence of CoA/ATP by ADP-Glo luminescence assay relative to control,B,BAO_0000357,single protein format,Homo sapiens,None,None,None,None,,,,CHEMBL3720,ATP-citrate synthase,Homo sapiens,SINGLE PROTEIN,CHEMBL4000242,1,Scientific Literature,Bioorg Med Chem Lett,2017,None,,,
CHEMBL120008,,None,423.29,0,2.50,132,O=C(O)[C@H](O)[C@@](O)(C[C@H](O)CCCCCCc1ccc(Cl)cc1Cl)C(=O)O,Ki,=',550.0,nM,6.26,,,UO_0000065,14.79,0.32,3.76,4.63,1,CHEMBL2169035,Inhibition of human recombinant ACLY,B,BAO_0000357,single protein format,Homo sapiens,None,None,None,None,,,,CHEMBL3720,ATP-citrate synthase,Homo sapiens,SINGLE PROTEIN,CHEMBL2163275,1,Scientific Literature,J Med Chem,2011,None,,,
CHEMBL119643,,None,478.97,0,4.55,54,COc1ccc(-c2cc(Cl)ccc2CCCCCC[C@@H](O)C[C@](O)(CC(=O)O)C(=O)O)cc1,Ki,=',5100.0,nM,5.29,,,UO_0000065,11.05,0.22,0.74,4.26,0,CHEMBL643074,Inhibitory activity against human recombinant ATP-Citrate Lyase (ACL) enzyme,B,BAO_0000357,single protein format,None,None,None,None,None,,,,CHEMBL3720,ATP-citrate synthase,Homo sapiens,SINGLE PROTEIN,CHEMBL1131093,1,Scientific Literature,J Med Chem,1998,None,,,
CHEMBL4102910,,None,393.42,0,4.60,C7,O=C(O)c1c(-c2ccccc2)oc2ccc(NS(=O)(=O)c3ccccc3)cc12,Inhibition,=',11.0,%,,,,UO_0000187,,,,,0,CHEMBL4001967,Inhibition of ATP citrate lyase (unknown origin) at 10 uM using sodium citrate as substrate in presence of CoA/ATP by ADP-Glo luminescence assay relative to control,B,BAO_0000357,single protein format,Homo sapiens,None,None,None,None,,,,CHEMBL3720,ATP-citrate synthase,Homo sapiens,SINGLE PROTEIN,CHEMBL4000242,1,Scientific Literature,Bioorg Med Chem Lett,2017,None,,,
CHEMBL4060115,,None,438.45,1,7.11,D2,O=C(O)c1c(-c2ccccc2)oc2ccc(OC(c3ccccc3)c3ccccc3F)cc12,Inhibition,=',10.0,%,,,,UO_0000187,,,,,0,CHEMBL4001967,Inhibition of ATP citrate lyase (unknown origin) at 10 uM using sodium citrate as substrate in presence of CoA/ATP by ADP-Glo luminescence assay relative to control,B,BAO_0000357,single protein format,Homo sapiens,None,None,None,None,,,,CHEMBL3720,ATP-citrate synthase,Homo sapiens,SINGLE PROTEIN,CHEMBL4000242,1,Scientific Literature,Bioorg Med Chem Lett,2017,None,,,
CHEMBL4129274,,None,851.48,3,4.76,27,C=CC(=O)Nc1ccccc1Nc1nc(Nc2ccc(N3CCN(CCOCCOCCOCCNC(=O)CCCC[C@@H]4SC[C@@H]5NC(=O)N[C@@H]54)CC3)cc2)ncc1Cl,Activity,,,,,,Active,,,,,,0,CHEMBL4118738,Binding affinity to ACLY in human NCI-H23 cells at 1 uM by mass spectrometry based pull down assay,B,BAO_0000219,cell-based format,Homo sapiens,None,None,NCI-H23,None,,,,CHEMBL3720,ATP-citrate synthase,Homo sapiens,SINGLE PROTEIN,CHEMBL4118021,1,Scientific Literature,Bioorg Med Chem,2017,None,,,
CHEMBL119937,,None,411.88,0,3.20,69,Cc1cn(CCCCC[C@@H](O)C[C@](O)(CC(=O)O)C(=O)O)c2ccc(Cl)cc12,Ki,=',9500.0,nM,05.02,,,UO_0000065,12.19,0.24,1.82,4.19,0,CHEMBL643074,Inhibitory activity against human recombinant ATP-Citrate Lyase (ACL) enzyme,B,BAO_0000357,single protein format,None,None,None,None,None,,,,CHEMBL3720,ATP-citrate synthase,Homo sapiens,SINGLE PROTEIN,CHEMBL1131093,1,Scientific Literature,J Med Chem,1998,None,,,
CHEMBL120641,,None,442.85,0,2.80,71,O=C(O)C[C@@](O)(C[C@H](O)CCCCCn1cc([N+](=O)[O-])c2cc(Cl)ccc21)C(=O)O,Ki,=',64000.0,nM,4.19,,,UO_0000065,9.47,0.19,1.39,2.57,0,CHEMBL643074,Inhibitory activity against human recombinant ATP-Citrate Lyase (ACL) enzyme,B,BAO_0000357,single protein format,None,None,None,None,None,,,,CHEMBL3720,ATP-citrate synthase,Homo sapiens,SINGLE PROTEIN,CHEMBL1131093,1,Scientific Literature,J Med Chem,1998,None,,,
CHEMBL119628,,None,407.29,0,3.53,(+)-45,O=C(O)C[C@@](O)(C[C@H](O)CCCCCCc1ccc(Cl)cc1Cl)C(=O)O,Ki,=',880.0,nM,06.06,,,UO_0000065,14.87,0.32,2.53,5.26,0,CHEMBL643074,Inhibitory activity against human recombinant ATP-Citrate Lyase (ACL) enzyme,B,BAO_0000357,single protein format,None,None,None,None,None,,,,CHEMBL3720,ATP-citrate synthase,Homo sapiens,SINGLE PROTEIN,CHEMBL1131093,1,Scientific Literature,J Med Chem,1998,None,,,
CHEMBL4069368,,None,438.52,1,5.97,A5,CCCCCCc1cc2c3c(c(=O)oc2cc1OCc1cc(C(=O)O)oc1C)CCCC3,Inhibition,=',100.0,%,,,,UO_0000187,,,,,0,CHEMBL4001968,Inhibition of ATP citrate lyase (unknown origin) at 100 uM using sodium citrate as substrate in presence of CoA/ATP by ADP-Glo luminescence assay relative to control,B,BAO_0000357,single protein format,Homo sapiens,None,None,None,None,,,,CHEMBL3720,ATP-citrate synthase,Homo sapiens,SINGLE PROTEIN,CHEMBL4000242,1,Scientific Literature,Bioorg Med Chem Lett,2017,None,,,
CHEMBL4093181,,None,460.53,1,6.76,A4,CCCCCCc1cc2c(-c3ccccc3)cc(=O)oc2cc1OCc1cc(C(=O)O)oc1C,Inhibition,=',53.0,%,,,,UO_0000187,,,,,0,CHEMBL4001967,Inhibition of ATP citrate lyase (unknown origin) at 10 uM using sodium citrate as substrate in presence of CoA/ATP by ADP-Glo luminescence assay relative to control,B,BAO_0000357,single protein format,Homo sapiens,None,None,None,None,,,,CHEMBL3720,ATP-citrate synthase,Homo sapiens,SINGLE PROTEIN,CHEMBL4000242,1,Scientific Literature,Bioorg Med Chem Lett,2017,None,,,
CHEMBL3771118,,None,283.28,0,0.62,4a; PF-06761281,COc1ncc(C)cc1CC[C@@](O)(CC(=O)O)C(=O)O,Inhibition,,,%,,,Not Active,UO_0000187,,,,,0,CHEMBL3773465,Inhibition of ACL (unknown origin) upto 30 uM,B,BAO_0000357,single protein format,Homo sapiens,None,None,None,None,,,,CHEMBL3720,ATP-citrate synthase,Homo sapiens,SINGLE PROTEIN,CHEMBL3769388,1,Scientific Literature,J Med Chem,2016,None,,,
CHEMBL4061755,,None,409.46,0,4.96,C4,CCc1ccc(S(=O)(=O)Nc2cc3c(C(=O)O)c(C)oc3c3ccccc23)cc1,Inhibition,,,%,,,Dose-dependent effect,UO_0000187,,,,,0,CHEMBL4001970,Inhibition of ATP citrate lyase in snail expressing HMLE cells assessed as suppression of cancer stemness by measuring decrease in CD44 positive/CD24 negative cells after 48 hrs by flow cytometry,B,BAO_0000019,assay format,Homo sapiens,None,None,None,None,,,,CHEMBL3720,ATP-citrate synthase,Homo sapiens,SINGLE PROTEIN,CHEMBL4000242,1,Scientific Literature,Bioorg Med Chem Lett,2017,None,,,
CHEMBL2165263,,None,473.95,0,4.56,127-(+/-),O=C(O)C[C@](O)(C[C@@H](O)CCCCCn1c(-c2ccccc2)cc2cc(Cl)ccc21)C(=O)O,Ki,=',370.0,nM,6.43,,,UO_0000065,13.57,0.27,1.87,5.36,0,CHEMBL2169035,Inhibition of human recombinant ACLY,B,BAO_0000357,single protein format,Homo sapiens,None,None,None,None,,,,CHEMBL3720,ATP-citrate synthase,Homo sapiens,SINGLE PROTEIN,CHEMBL2163275,1,Scientific Literature,J Med Chem,2011,None,,,
CHEMBL1611310,,None,364.35,0,4.43,A7,Cc1oc(C(=O)O)cc1COc1ccc2c(oc(=O)c3ccccc32)c1C,Inhibition,=',32.0,%,,,,UO_0000187,,,,,0,CHEMBL4001967,Inhibition of ATP citrate lyase (unknown origin) at 10 uM using sodium citrate as substrate in presence of CoA/ATP by ADP-Glo luminescence assay relative to control,B,BAO_0000357,single protein format,Homo sapiens,None,None,None,None,,,,CHEMBL3720,ATP-citrate synthase,Homo sapiens,SINGLE PROTEIN,CHEMBL4000242,1,Scientific Literature,Bioorg Med Chem Lett,2017,None,,,
CHEMBL116762,,None,483.39,1,5.19,55,O=C(O)C[C@@](O)(C[C@H](O)CCCCCCc1ccc(Cl)cc1-c1ccc(Cl)cc1)C(=O)O,Ki,=',5000.0,nM,5.30,,,UO_0000065,10.97,0.23,0.11,4.61,0,CHEMBL643074,Inhibitory activity against human recombinant ATP-Citrate Lyase (ACL) enzyme,B,BAO_0000357,single protein format,None,None,None,None,None,,,,CHEMBL3720,ATP-citrate synthase,Homo sapiens,SINGLE PROTEIN,CHEMBL1131093,1,Scientific Literature,J Med Chem,1998,None,,,
CHEMBL4086477,,None,359.40,0,3.86,C10,Cc1cccc(S(=O)(=O)Nc2ccc3oc(C)c(C(=O)O)c3c2)c1C,Inhibition,=',11.0,%,,,,UO_0000187,,,,,0,CHEMBL4001967,Inhibition of ATP citrate lyase (unknown origin) at 10 uM using sodium citrate as substrate in presence of CoA/ATP by ADP-Glo luminescence assay relative to control,B,BAO_0000357,single protein format,Homo sapiens,None,None,None,None,,,,CHEMBL3720,ATP-citrate synthase,Homo sapiens,SINGLE PROTEIN,CHEMBL4000242,1,Scientific Literature,Bioorg Med Chem Lett,2017,None,,,
CHEMBL1600834,,None,399.40,0,4.53,C3,Cc1oc2c(cc(NS(=O)(=O)c3ccc(F)cc3)c3ccccc32)c1C(=O)O,Inhibition,=',95.0,%,,,,UO_0000187,,,,,0,CHEMBL4001968,Inhibition of ATP citrate lyase (unknown origin) at 100 uM using sodium citrate as substrate in presence of CoA/ATP by ADP-Glo luminescence assay relative to control,B,BAO_0000357,single protein format,Homo sapiens,None,None,None,None,,,,CHEMBL3720,ATP-citrate synthase,Homo sapiens,SINGLE PROTEIN,CHEMBL4000242,1,Scientific Literature,Bioorg Med Chem Lett,2017,None,,,
CHEMBL4061755,,None,409.46,0,4.96,C4,CCc1ccc(S(=O)(=O)Nc2cc3c(C(=O)O)c(C)oc3c3ccccc23)cc1,Activity,=',81.2,%,,,,UO_0000187,,,,,0,CHEMBL4001973,Inhibition of ATP citrate lyase in snail expressing HMLE cells assessed as suppression of cancer stemness by measuring CD44 positive/CD24 negative cells at 10 uM after 48 hrs by flow cytometry (Rvb = 88.6 %),B,BAO_0000019,assay format,Homo sapiens,None,None,None,None,,,,CHEMBL3720,ATP-citrate synthase,Homo sapiens,SINGLE PROTEIN,CHEMBL4000242,1,Scientific Literature,Bioorg Med Chem Lett,2017,None,,,
CHEMBL4061755,,None,409.46,0,4.96,C4,CCc1ccc(S(=O)(=O)Nc2cc3c(C(=O)O)c(C)oc3c3ccccc23)cc1,Activity,=',31.4,%,,,,UO_0000187,,,,,0,CHEMBL4001974,Inhibition of ATP citrate lyase in snail expressing HMLE cells assessed as suppression of cancer stemness by measuring CD44 positive/negative and CD24 positive cells at 25 uM after 48 hrs by flow cytometry (Rvb = 4.85 %),B,BAO_0000019,assay format,Homo sapiens,None,None,None,None,,,,CHEMBL3720,ATP-citrate synthase,Homo sapiens,SINGLE PROTEIN,CHEMBL4000242,1,Scientific Literature,Bioorg Med Chem Lett,2017,None,,,
CHEMBL4104369,,None,376.36,0,3.56,1j,COc1ccc(-c2c(O)cc3c(c2O)C(=O)c2c(O)cc(C)cc2C3=O)cc1,IC50,=',18800.0,nM,4.73,,,UO_0000065,12.56,0.23,1.17,4.54,0,CHEMBL4001214,Inhibition of ATP citrate lyase (unknown origin) using sodium citrate as substrate after 60 mins by ADP-Glo luminescence assay,B,BAO_0000357,single protein format,Homo sapiens,None,None,None,None,,,,CHEMBL3720,ATP-citrate synthase,Homo sapiens,SINGLE PROTEIN,CHEMBL4000187,1,Scientific Literature,Eur J Med Chem,2017,None,,,
CHEMBL4093300,,None,304.69,0,2.54,1b,Cc1cc(O)c2c(c1)C(=O)c1cc(O)c(Cl)c(O)c1C2=O,IC50,=',12600.0,nM,4.90,,,UO_0000065,16.08,0.32,2.36,5.17,0,CHEMBL4001214,Inhibition of ATP citrate lyase (unknown origin) using sodium citrate as substrate after 60 mins by ADP-Glo luminescence assay,B,BAO_0000357,single protein format,Homo sapiens,None,None,None,None,,,,CHEMBL3720,ATP-citrate synthase,Homo sapiens,SINGLE PROTEIN,CHEMBL4000187,1,Scientific Literature,Eur J Med Chem,2017,None,,,
CHEMBL4067734,,None,411.41,0,4.74,C6,O=C(O)c1c(-c2ccccc2)oc2ccc(NS(=O)(=O)c3ccc(F)cc3)cc12,Inhibition,=',70.0,%,,,,UO_0000187,,,,,0,CHEMBL4001968,Inhibition of ATP citrate lyase (unknown origin) at 100 uM using sodium citrate as substrate in presence of CoA/ATP by ADP-Glo luminescence assay relative to control,B,BAO_0000357,single protein format,Homo sapiens,None,None,None,None,,,,CHEMBL3720,ATP-citrate synthase,Homo sapiens,SINGLE PROTEIN,CHEMBL4000242,1,Scientific Literature,Bioorg Med Chem Lett,2017,None,,,
CHEMBL4060115,,None,438.45,1,7.11,D2,O=C(O)c1c(-c2ccccc2)oc2ccc(OC(c3ccccc3)c3ccccc3F)cc12,Inhibition,=',74.0,%,,,,UO_0000187,,,,,0,CHEMBL4001968,Inhibition of ATP citrate lyase (unknown origin) at 100 uM using sodium citrate as substrate in presence of CoA/ATP by ADP-Glo luminescence assay relative to control,B,BAO_0000357,single protein format,Homo sapiens,None,None,None,None,,,,CHEMBL3720,ATP-citrate synthase,Homo sapiens,SINGLE PROTEIN,CHEMBL4000242,1,Scientific Literature,Bioorg Med Chem Lett,2017,None,,,
CHEMBL4085553,,None,360.37,0,3.86,1h,Cc1ccc(-c2c(O)cc3c(c2O)C(=O)c2c(O)cc(C)cc2C3=O)cc1,Inhibition,=',0.0,%,,,,UO_0000187,,,,,0,CHEMBL4001213,Inhibition of ATP citrate lyase (unknown origin) at 10 uM using sodium citrate as substrate after 60 mins by ADP-Glo luminescence assay relative to control,B,BAO_0000357,single protein format,Homo sapiens,None,None,None,None,,,,CHEMBL3720,ATP-citrate synthase,Homo sapiens,SINGLE PROTEIN,CHEMBL4000187,1,Scientific Literature,Eur J Med Chem,2017,None,,,
CHEMBL4104330,,None,437.52,1,5.69,C2,Cc1oc2c(cc(NS(=O)(=O)c3ccc(C(C)(C)C)cc3)c3ccccc32)c1C(=O)O,Inhibition,=',16.0,%,,,,UO_0000187,,,,,0,CHEMBL4001967,Inhibition of ATP citrate lyase (unknown origin) at 10 uM using sodium citrate as substrate in presence of CoA/ATP by ADP-Glo luminescence assay relative to control,B,BAO_0000357,single protein format,Homo sapiens,None,None,None,None,,,,CHEMBL3720,ATP-citrate synthase,Homo sapiens,SINGLE PROTEIN,CHEMBL4000242,1,Scientific Literature,Bioorg Med Chem Lett,2017,None,,,
CHEMBL4065030,,None,363.37,0,3.69,C9,Cc1cc(F)ccc1S(=O)(=O)Nc1ccc2oc(C)c(C(=O)O)c2c1,Inhibition,=',3.0,%,,,,UO_0000187,,,,,0,CHEMBL4001967,Inhibition of ATP citrate lyase (unknown origin) at 10 uM using sodium citrate as substrate in presence of CoA/ATP by ADP-Glo luminescence assay relative to control,B,BAO_0000357,single protein format,Homo sapiens,None,None,None,None,,,,CHEMBL3720,ATP-citrate synthase,Homo sapiens,SINGLE PROTEIN,CHEMBL4000242,1,Scientific Literature,Bioorg Med Chem Lett,2017,None,,,
CHEMBL4094117,,None,418.45,1,5.59,A1,CCCc1cc2c(-c3ccccc3)cc(=O)oc2cc1OCc1cc(C(=O)O)oc1C,Inhibition,=',97.0,%,,,,UO_0000187,,,,,0,CHEMBL4001968,Inhibition of ATP citrate lyase (unknown origin) at 100 uM using sodium citrate as substrate in presence of CoA/ATP by ADP-Glo luminescence assay relative to control,B,BAO_0000357,single protein format,Homo sapiens,None,None,None,None,,,,CHEMBL3720,ATP-citrate synthase,Homo sapiens,SINGLE PROTEIN,CHEMBL4000242,1,Scientific Literature,Bioorg Med Chem Lett,2017,None,,,
CHEMBL4096601,,None,350.33,0,4.12,A6,Cc1oc(C(=O)O)cc1COc1ccc2c(c1)oc(=O)c1ccccc12,Inhibition,=',64.0,%,,,,UO_0000187,,,,,0,CHEMBL4001968,Inhibition of ATP citrate lyase (unknown origin) at 100 uM using sodium citrate as substrate in presence of CoA/ATP by ADP-Glo luminescence assay relative to control,B,BAO_0000357,single protein format,Homo sapiens,None,None,None,None,,,,CHEMBL3720,ATP-citrate synthase,Homo sapiens,SINGLE PROTEIN,CHEMBL4000242,1,Scientific Literature,Bioorg Med Chem Lett,2017,None,,,
CHEMBL4080093,,None,395.44,0,4.70,C1,Cc1ccc(S(=O)(=O)Nc2cc3c(C(=O)O)c(C)oc3c3ccccc23)cc1,Inhibition,=',42.0,%,,,,UO_0000187,,,,,0,CHEMBL4001968,Inhibition of ATP citrate lyase (unknown origin) at 100 uM using sodium citrate as substrate in presence of CoA/ATP by ADP-Glo luminescence assay relative to control,B,BAO_0000357,single protein format,Homo sapiens,None,None,None,None,,,,CHEMBL3720,ATP-citrate synthase,Homo sapiens,SINGLE PROTEIN,CHEMBL4000242,1,Scientific Literature,Bioorg Med Chem Lett,2017,None,,,
CHEMBL4104330,,None,437.52,1,5.69,C2,Cc1oc2c(cc(NS(=O)(=O)c3ccc(C(C)(C)C)cc3)c3ccccc32)c1C(=O)O,Inhibition,=',59.0,%,,,,UO_0000187,,,,,0,CHEMBL4001968,Inhibition of ATP citrate lyase (unknown origin) at 100 uM using sodium citrate as substrate in presence of CoA/ATP by ADP-Glo luminescence assay relative to control,B,BAO_0000357,single protein format,Homo sapiens,None,None,None,None,,,,CHEMBL3720,ATP-citrate synthase,Homo sapiens,SINGLE PROTEIN,CHEMBL4000242,1,Scientific Literature,Bioorg Med Chem Lett,2017,None,,,
CHEMBL4086477,,None,359.40,0,3.86,C10,Cc1cccc(S(=O)(=O)Nc2ccc3oc(C)c(C(=O)O)c3c2)c1C,Inhibition,=',43.0,%,,,,UO_0000187,,,,,0,CHEMBL4001968,Inhibition of ATP citrate lyase (unknown origin) at 100 uM using sodium citrate as substrate in presence of CoA/ATP by ADP-Glo luminescence assay relative to control,B,BAO_0000357,single protein format,Homo sapiens,None,None,None,None,,,,CHEMBL3720,ATP-citrate synthase,Homo sapiens,SINGLE PROTEIN,CHEMBL4000242,1,Scientific Literature,Bioorg Med Chem Lett,2017,None,,,
CHEMBL118715,,None,208.12,0,-2.28,2; (-)-HCA,O=C(O)C[C@@](O)(C(=O)O)[C@H](O)C(=O)O,Inhibition,,,%,,,Active,UO_0000187,,,,,0,CHEMBL4001976,Competitive inhibition of ATP citrate lyase (unknown origin) using sodium citrate as substrate by ADP-Glo luminescence assay,B,BAO_0000357,single protein format,Homo sapiens,None,None,None,None,,,,CHEMBL3720,ATP-citrate synthase,Homo sapiens,SINGLE PROTEIN,CHEMBL4000242,1,Scientific Literature,Bioorg Med Chem Lett,2017,None,,,
CHEMBL2165261,,None,228.10,0,-1.00,12b,O=C(O)C[C@](O)(C(=O)O)C(F)(F)C(=O)O,Ki,=',3200.0,nM,5.50,,,UO_0000065,24.09,0.50,6.49,4.16,0,CHEMBL4275769,Competitive inhibition of human liver ACLY using varying levels of citrate as substrate,B,BAO_0000019,assay format,Homo sapiens,None,None,None,None,,,,CHEMBL3720,ATP-citrate synthase,Homo sapiens,SINGLE PROTEIN,CHEMBL4270641,1,Scientific Literature,Eur J Med Chem,2018,None,,,
CHEMBL4066576,,None,376.36,0,4.64,A2,Cc1oc(C(=O)O)cc1COc1ccc2c(-c3ccccc3)cc(=O)oc2c1,Inhibition,=',32.0,%,,,,UO_0000187,,,,,0,CHEMBL4001967,Inhibition of ATP citrate lyase (unknown origin) at 10 uM using sodium citrate as substrate in presence of CoA/ATP by ADP-Glo luminescence assay relative to control,B,BAO_0000357,single protein format,Homo sapiens,None,None,None,None,,,,CHEMBL3720,ATP-citrate synthase,Homo sapiens,SINGLE PROTEIN,CHEMBL4000242,1,Scientific Literature,Bioorg Med Chem Lett,2017,None,,,
CHEMBL4061755,,None,409.46,0,4.96,C4,CCc1ccc(S(=O)(=O)Nc2cc3c(C(=O)O)c(C)oc3c3ccccc23)cc1,Activity,=',58.8,%,,,,UO_0000187,,,,,0,CHEMBL4001975,Inhibition of ATP citrate lyase in snail expressing HMLE cells assessed as suppression of cancer stemness by measuring CD44 positive/CD24 negative cells at 25 uM after 48 hrs by flow cytometry (Rvb = 88.6 %),B,BAO_0000019,assay format,Homo sapiens,None,None,None,None,,,,CHEMBL3720,ATP-citrate synthase,Homo sapiens,SINGLE PROTEIN,CHEMBL4000242,1,Scientific Literature,Bioorg Med Chem Lett,2017,None,,,
CHEMBL120142,,None,423.29,0,2.50,49,O=C(O)[C@@H](O)[C@@](O)(C[C@H](O)CCCCCCc1ccc(Cl)cc1Cl)C(=O)O,Ki,=',620.0,nM,6.21,,,UO_0000065,14.67,0.31,3.71,4.59,0,CHEMBL643074,Inhibitory activity against human recombinant ATP-Citrate Lyase (ACL) enzyme,B,BAO_0000357,single protein format,None,None,None,None,None,,,,CHEMBL3720,ATP-citrate synthase,Homo sapiens,SINGLE PROTEIN,CHEMBL1131093,1,Scientific Literature,J Med Chem,1998,None,,,
CHEMBL118715,,None,208.12,0,-2.28,1; HCA,O=C(O)C[C@@](O)(C(=O)O)[C@H](O)C(=O)O,Ki,=',300000.0,nM,,Outside typical range,,UO_0000065,,,,,0,CHEMBL4275769,Competitive inhibition of human liver ACLY using varying levels of citrate as substrate,B,BAO_0000019,assay format,Homo sapiens,None,None,None,None,,,,CHEMBL3720,ATP-citrate synthase,Homo sapiens,SINGLE PROTEIN,CHEMBL4270641,1,Scientific Literature,Eur J Med Chem,2018,None,,,
CHEMBL121446,,None,389.28,0,04.01,16; SB-204990,O=C(O)C[C@@]1(O)C[C@@H](CCCCCCc2ccc(Cl)cc2Cl)OC1=O,Inhibition,=',82.0,%,,,,UO_0000187,,,,,0,CHEMBL4275781,Inhibition of ACLY in human HepG2 cells assessed as reduction in fatty acid synthesis at 30 uM relative to control,B,BAO_0000219,cell-based format,Homo sapiens,None,None,HepG2,None,,,,CHEMBL3720,ATP-citrate synthase,Homo sapiens,SINGLE PROTEIN,CHEMBL4270641,1,Scientific Literature,Eur J Med Chem,2018,None,,,
CHEMBL4080093,,None,395.44,0,4.70,C1,Cc1ccc(S(=O)(=O)Nc2cc3c(C(=O)O)c(C)oc3c3ccccc23)cc1,Inhibition,=',12.0,%,,,,UO_0000187,,,,,0,CHEMBL4001967,Inhibition of ATP citrate lyase (unknown origin) at 10 uM using sodium citrate as substrate in presence of CoA/ATP by ADP-Glo luminescence assay relative to control,B,BAO_0000357,single protein format,Homo sapiens,None,None,None,None,,,,CHEMBL3720,ATP-citrate synthase,Homo sapiens,SINGLE PROTEIN,CHEMBL4000242,1,Scientific Literature,Bioorg Med Chem Lett,2017,None,,,
CHEMBL330778,,None,397.86,0,2.90,64,O=C(O)C[C@@](O)(C[C@H](O)CCCCCn1ccc2cc(Cl)ccc21)C(=O)O,Ki,=',3500.0,nM,5.46,,,UO_0000065,13.71,0.28,2.56,4.55,0,CHEMBL643074,Inhibitory activity against human recombinant ATP-Citrate Lyase (ACL) enzyme,B,BAO_0000357,single protein format,None,None,None,None,None,,,,CHEMBL3720,ATP-citrate synthase,Homo sapiens,SINGLE PROTEIN,CHEMBL1131093,1,Scientific Literature,J Med Chem,1998,None,,,
CHEMBL118650,,None,465.97,0,4.28,59,Cc1ccc(C)n1-c1cc(Cl)ccc1CCCCCC[C@@H](O)C[C@](O)(CC(=O)O)C(=O)O,Inhibition,=',67.0,%,,,,UO_0000187,,,,,0,CHEMBL642004,Inhibitory activity was tested against human recombinant ATP-Citrate Lyase (ACL) enzyme at 100 uM,B,BAO_0000357,single protein format,None,None,None,None,None,,,,CHEMBL3720,ATP-citrate synthase,Homo sapiens,SINGLE PROTEIN,CHEMBL1131093,1,Scientific Literature,J Med Chem,1998,None,,,
CHEMBL414883,RADICICOL,None,364.78,0,2.69,7,C[C@@H]1C[C@H]2O[C@@H]2/C=C\C=C\C(=O)Cc2c(Cl)c(O)cc(O)c2C(=O)O1,Inhibition,=',50.0,%,,,,UO_0000187,,,,,0,CHEMBL4275774,Inhibition of ACLY (unknown origin) in pancreatic beta cells assessed as reduction in 5 to 10 mM glucose-induced insulin secretion relative to control,B,BAO_0000219,cell-based format,Homo sapiens,None,None,None,None,,,,CHEMBL3720,ATP-citrate synthase,Homo sapiens,SINGLE PROTEIN,CHEMBL4270641,1,Scientific Literature,Eur J Med Chem,2018,None,,,
CHEMBL331902,,None,410.32,0,3.51,89,O=C(O)CC(O)(CSCCCCCCc1c(Cl)cncc1Cl)C(=O)O,Ki,=',121000.0,nM,,Outside typical range,,UO_0000065,,,,,0,CHEMBL642005,Inhibitory activity against human recombinant ATP-Citrate Lyase activity was measured by the maleate dehydrogenase catalyzed reduction of oxaloacetate by NADH,B,BAO_0000357,single protein format,None,None,None,None,None,,,,CHEMBL3720,ATP-citrate synthase,Homo sapiens,SINGLE PROTEIN,CHEMBL1129688,1,Scientific Literature,J Med Chem,1996,None,,,
CHEMBL120265,,None,419.88,0,3.37,105,O=C(O)CC(O)(CSCCCCCCc1ccc(Cl)cc1[N+](=O)[O-])C(=O)O,Ki,=',26000.0,nM,4.58,,,UO_0000065,10.92,0.23,1.22,3.32,0,CHEMBL643072,Inhibitory activity against rat ATP-Citrate Lyase activity was measured by the maleate dehydrogenase catalyzed reduction of oxaloacetate by NADH,B,BAO_0000357,single protein format,None,None,None,None,None,,,,CHEMBL3720,ATP-citrate synthase,Homo sapiens,SINGLE PROTEIN,CHEMBL1129688,1,Scientific Literature,J Med Chem,1996,None,,,
CHEMBL122585,,None,341.43,0,2.21,88,O=C(O)CC(O)(CSCCCCCCc1ccncc1)C(=O)O,Inhibition,=',20.0,%,,,,UO_0000187,,,,,0,CHEMBL643075,Inhibitory activity against human recombinant ATP-Citrate Lyase activity was measured by the maleate dehydrogenase catalyzed reduction of oxaloacetate by NADH,B,BAO_0000357,single protein format,None,None,None,None,None,,,,CHEMBL3720,ATP-citrate synthase,Homo sapiens,SINGLE PROTEIN,CHEMBL1129688,1,Scientific Literature,J Med Chem,1996,None,,,
CHEMBL4073613,,None,269.28,0,1.81,C11,Cc1oc2ccc(NS(C)(=O)=O)cc2c1C(=O)O,Inhibition,=',72.0,%,,,,UO_0000187,,,,,0,CHEMBL4001968,Inhibition of ATP citrate lyase (unknown origin) at 100 uM using sodium citrate as substrate in presence of CoA/ATP by ADP-Glo luminescence assay relative to control,B,BAO_0000357,single protein format,Homo sapiens,None,None,None,None,,,,CHEMBL3720,ATP-citrate synthase,Homo sapiens,SINGLE PROTEIN,CHEMBL4000242,1,Scientific Literature,Bioorg Med Chem Lett,2017,None,,,
CHEMBL120698,,None,341.43,0,2.21,(p1) 86,O=C(O)CC(O)(CSCCCCCCc1ccccn1)C(=O)O,Inhibition,=',30.0,%,,,,UO_0000187,,,,,0,CHEMBL643075,Inhibitory activity against human recombinant ATP-Citrate Lyase activity was measured by the maleate dehydrogenase catalyzed reduction of oxaloacetate by NADH,B,BAO_0000357,single protein format,None,None,None,None,None,,,,CHEMBL3720,ATP-citrate synthase,Homo sapiens,SINGLE PROTEIN,CHEMBL1129688,1,Scientific Literature,J Med Chem,1996,None,,,
CHEMBL118407,,None,437.92,0,3.67,57,O=C(O)C[C@@](O)(C[C@H](O)CCCCCCc1ccc(Cl)cc1-n1cccc1)C(=O)O,Ki,=',3900.0,nM,5.41,,,UO_0000065,12.35,0.25,1.74,4.51,0,CHEMBL643074,Inhibitory activity against human recombinant ATP-Citrate Lyase (ACL) enzyme,B,BAO_0000357,single protein format,None,None,None,None,None,,,,CHEMBL3720,ATP-citrate synthase,Homo sapiens,SINGLE PROTEIN,CHEMBL1131093,1,Scientific Literature,J Med Chem,1998,None,,,
CHEMBL118107,,None,465.97,0,4.28,(-)-58,Cc1cn(-c2cc(Cl)ccc2CCCCCC[C@@H](O)C[C@](O)(CC(=O)O)C(=O)O)cc1C,Ki,=',340.0,nM,6.47,,,UO_0000065,13.88,0.28,2.19,5.39,0,CHEMBL643074,Inhibitory activity against human recombinant ATP-Citrate Lyase (ACL) enzyme,B,BAO_0000357,single protein format,None,None,None,None,None,,,,CHEMBL3720,ATP-citrate synthase,Homo sapiens,SINGLE PROTEIN,CHEMBL1131093,1,Scientific Literature,J Med Chem,1998,None,,,
CHEMBL120064,,None,388.84,0,2.58,60,O=C(O)C[C@@](O)(C[C@H](O)CCCCCCc1ccc(Cl)cc1O)C(=O)O,Inhibition,=',24.0,%,,,,UO_0000187,,,,,0,CHEMBL642004,Inhibitory activity was tested against human recombinant ATP-Citrate Lyase (ACL) enzyme at 100 uM,B,BAO_0000357,single protein format,None,None,None,None,None,,,,CHEMBL3720,ATP-citrate synthase,Homo sapiens,SINGLE PROTEIN,CHEMBL1131093,1,Scientific Literature,J Med Chem,1998,None,,,
CHEMBL118107,,None,465.97,0,4.28,58,Cc1cn(-c2cc(Cl)ccc2CCCCCC[C@@H](O)C[C@](O)(CC(=O)O)C(=O)O)cc1C,Ki,=',300.0,nM,6.52,,,UO_0000065,14.00,0.28,2.24,5.44,0,CHEMBL643074,Inhibitory activity against human recombinant ATP-Citrate Lyase (ACL) enzyme,B,BAO_0000357,single protein format,None,None,None,None,None,,,,CHEMBL3720,ATP-citrate synthase,Homo sapiens,SINGLE PROTEIN,CHEMBL1131093,1,Scientific Literature,J Med Chem,1998,None,,,
CHEMBL4102910,,None,393.42,0,4.60,C7,O=C(O)c1c(-c2ccccc2)oc2ccc(NS(=O)(=O)c3ccccc3)cc12,Inhibition,=',56.0,%,,,,UO_0000187,,,,,0,CHEMBL4001968,Inhibition of ATP citrate lyase (unknown origin) at 100 uM using sodium citrate as substrate in presence of CoA/ATP by ADP-Glo luminescence assay relative to control,B,BAO_0000357,single protein format,Homo sapiens,None,None,None,None,,,,CHEMBL3720,ATP-citrate synthase,Homo sapiens,SINGLE PROTEIN,CHEMBL4000242,1,Scientific Literature,Bioorg Med Chem Lett,2017,None,,,
CHEMBL2165259,,None,423.29,0,2.50,131,O=C(O)[C@H](O)[C@](O)(C[C@@H](O)CCCCCCc1ccc(Cl)cc1Cl)C(=O)O,Ki,=',620.0,nM,6.21,,,UO_0000065,14.67,0.31,3.71,4.59,0,CHEMBL2169035,Inhibition of human recombinant ACLY,B,BAO_0000357,single protein format,Homo sapiens,None,None,None,None,,,,CHEMBL3720,ATP-citrate synthase,Homo sapiens,SINGLE PROTEIN,CHEMBL2163275,1,Scientific Literature,J Med Chem,2011,None,,,
CHEMBL4072433,,None,404.42,0,4.87,A3,Cc1oc(C(=O)O)cc1COc1ccc2c(C)c(Cc3ccccc3)c(=O)oc2c1,Inhibition,=',101.0,%,,,,UO_0000187,,,,,0,CHEMBL4001968,Inhibition of ATP citrate lyase (unknown origin) at 100 uM using sodium citrate as substrate in presence of CoA/ATP by ADP-Glo luminescence assay relative to control,B,BAO_0000357,single protein format,Homo sapiens,None,None,None,None,,,,CHEMBL3720,ATP-citrate synthase,Homo sapiens,SINGLE PROTEIN,CHEMBL4000242,1,Scientific Literature,Bioorg Med Chem Lett,2017,None,,,
CHEMBL3261915,,None,396.14,0,2.49,1e,Cc1cc(O)c2c(c1)C(=O)c1cc(O)c(I)c(O)c1C2=O,IC50,=',7500.0,nM,5.12,,,UO_0000065,12.94,0.33,2.63,5.40,0,CHEMBL4001214,Inhibition of ATP citrate lyase (unknown origin) using sodium citrate as substrate after 60 mins by ADP-Glo luminescence assay,B,BAO_0000357,single protein format,Homo sapiens,None,None,None,None,,,,CHEMBL3720,ATP-citrate synthase,Homo sapiens,SINGLE PROTEIN,CHEMBL4000187,1,Scientific Literature,Eur J Med Chem,2017,None,,,
CHEMBL4077700,,None,346.34,0,3.55,1f,Cc1cc(O)c2c(c1)C(=O)c1cc(O)c(-c3ccccc3)c(O)c1C2=O,Inhibition,=',8.0,%,,,,UO_0000187,,,,,0,CHEMBL4001213,Inhibition of ATP citrate lyase (unknown origin) at 10 uM using sodium citrate as substrate after 60 mins by ADP-Glo luminescence assay relative to control,B,BAO_0000357,single protein format,Homo sapiens,None,None,None,None,,,,CHEMBL3720,ATP-citrate synthase,Homo sapiens,SINGLE PROTEIN,CHEMBL4000187,1,Scientific Literature,Eur J Med Chem,2017,None,,,
CHEMBL289277,EMODIN,None,270.24,0,1.89,1a,Cc1cc(O)c2c(c1)C(=O)c1cc(O)cc(O)c1C2=O,Inhibition,=',0.0,%,,,,UO_0000187,,,,,0,CHEMBL4001213,Inhibition of ATP citrate lyase (unknown origin) at 10 uM using sodium citrate as substrate after 60 mins by ADP-Glo luminescence assay relative to control,B,BAO_0000357,single protein format,Homo sapiens,None,None,None,None,,,,CHEMBL3720,ATP-citrate synthase,Homo sapiens,SINGLE PROTEIN,CHEMBL4000187,1,Scientific Literature,Eur J Med Chem,2017,None,,,
CHEMBL399379,,None,424.31,1,5.18,BMS-303141,COc1ccc(-c2ccccc2)cc1NS(=O)(=O)c1cc(Cl)cc(Cl)c1O,IC50,=',442.0,nM,6.36,,,UO_0000065,14.98,0.32,1.17,8.40,0,CHEMBL4001214,Inhibition of ATP citrate lyase (unknown origin) using sodium citrate as substrate after 60 mins by ADP-Glo luminescence assay,B,BAO_0000357,single protein format,Homo sapiens,None,None,None,None,,,,CHEMBL3720,ATP-citrate synthase,Homo sapiens,SINGLE PROTEIN,CHEMBL4000187,1,Scientific Literature,Eur J Med Chem,2017,None,,,
CHEMBL1360911,,None,368.39,0,4.16,A8,Cc1oc(C(=O)O)cc1COc1ccc2c3c(c(=O)oc2c1C)CCCC3,Inhibition,=',17.0,%,,,,UO_0000187,,,,,0,CHEMBL4001967,Inhibition of ATP citrate lyase (unknown origin) at 10 uM using sodium citrate as substrate in presence of CoA/ATP by ADP-Glo luminescence assay relative to control,B,BAO_0000357,single protein format,Homo sapiens,None,None,None,None,,,,CHEMBL3720,ATP-citrate synthase,Homo sapiens,SINGLE PROTEIN,CHEMBL4000242,1,Scientific Literature,Bioorg Med Chem Lett,2017,None,,,
CHEMBL4061755,,None,409.46,0,4.96,C4,CCc1ccc(S(=O)(=O)Nc2cc3c(C(=O)O)c(C)oc3c3ccccc23)cc1,Inhibition,=',42.0,%,,,,UO_0000187,,,,,0,CHEMBL4001967,Inhibition of ATP citrate lyase (unknown origin) at 10 uM using sodium citrate as substrate in presence of CoA/ATP by ADP-Glo luminescence assay relative to control,B,BAO_0000357,single protein format,Homo sapiens,None,None,None,None,,,,CHEMBL3720,ATP-citrate synthase,Homo sapiens,SINGLE PROTEIN,CHEMBL4000242,1,Scientific Literature,Bioorg Med Chem Lett,2017,None,,,
CHEMBL4066667,,None,336.30,0,3.82,B2,O=C(O)c1ccc(COc2ccc3c(c2)oc(=O)c2ccccc23)o1,Inhibition,=',49.0,%,,,,UO_0000187,,,,,0,CHEMBL4001968,Inhibition of ATP citrate lyase (unknown origin) at 100 uM using sodium citrate as substrate in presence of CoA/ATP by ADP-Glo luminescence assay relative to control,B,BAO_0000357,single protein format,Homo sapiens,None,None,None,None,,,,CHEMBL3720,ATP-citrate synthase,Homo sapiens,SINGLE PROTEIN,CHEMBL4000242,1,Scientific Literature,Bioorg Med Chem Lett,2017,None,,,
CHEMBL399379,,None,424.31,1,5.18,BMS-303141,COc1ccc(-c2ccccc2)cc1NS(=O)(=O)c1cc(Cl)cc(Cl)c1O,IC50,=',377.0,nM,6.42,,,UO_0000065,15.14,0.32,1.24,8.49,0,CHEMBL4001969,Inhibition of ATP citrate lyase (unknown origin) using sodium citrate as substrate by ADP-Glo luminescence assay,B,BAO_0000357,single protein format,Homo sapiens,None,None,None,None,,,,CHEMBL3720,ATP-citrate synthase,Homo sapiens,SINGLE PROTEIN,CHEMBL4000242,1,Scientific Literature,Bioorg Med Chem Lett,2017,None,,,
CHEMBL325656,,None,421.32,0,3.92,48,O=C(O)C[C@](O)(C(=O)O)[C@@H](O)CCCCCCCCc1ccc(Cl)cc1Cl,Ki,=',18000.0,nM,4.75,,,UO_0000065,11.26,0.24,0.82,4.12,0,CHEMBL643074,Inhibitory activity against human recombinant ATP-Citrate Lyase (ACL) enzyme,B,BAO_0000357,single protein format,None,None,None,None,None,,,,CHEMBL3720,ATP-citrate synthase,Homo sapiens,SINGLE PROTEIN,CHEMBL1131093,1,Scientific Literature,J Med Chem,1998,None,,,
CHEMBL250745,,None,410.28,1,5.29,12,O=S(=O)(Nc1cccc(Oc2ccccc2)c1)c1cc(Cl)cc(Cl)c1O,IC50,=',8100.0,nM,05.09,,,UO_0000065,12.41,0.27,-0.20,6.73,0,CHEMBL906357,Inhibition of human recombinant ATP-citrate lyase,B,BAO_0000357,single protein format,Homo sapiens,None,None,None,None,,,,CHEMBL3720,ATP-citrate synthase,Homo sapiens,SINGLE PROTEIN,CHEMBL1139904,1,Scientific Literature,Bioorg Med Chem Lett,2007,None,,,
CHEMBL116375,,None,407.29,0,3.53,47,O=C(O)C[C@](O)(C(=O)O)[C@@H](O)CCCCCCCc1ccc(Cl)cc1Cl,Ki,=',5700.0,nM,5.24,,,UO_0000065,12.88,0.28,1.71,4.56,0,CHEMBL643074,Inhibitory activity against human recombinant ATP-Citrate Lyase (ACL) enzyme,B,BAO_0000357,single protein format,None,None,None,None,None,,,,CHEMBL3720,ATP-citrate synthase,Homo sapiens,SINGLE PROTEIN,CHEMBL1131093,1,Scientific Literature,J Med Chem,1998,None,,,
CHEMBL2165264,,None,447.92,0,04.05,128-(+/-),O=C(O)C[C@](O)(C[C@@H](O)CCCCCn1c2ccccc2c2cc(Cl)ccc21)C(=O)O,Ki,=',710.0,nM,6.15,,,UO_0000065,13.73,0.27,2.10,5.12,0,CHEMBL2169035,Inhibition of human recombinant ACLY,B,BAO_0000357,single protein format,Homo sapiens,None,None,None,None,,,,CHEMBL3720,ATP-citrate synthase,Homo sapiens,SINGLE PROTEIN,CHEMBL2163275,1,Scientific Literature,J Med Chem,2011,None,,,
CHEMBL332631,,None,448.94,0,4.54,51,O=C(O)C[C@@](O)(C[C@H](O)CCCCCCc1ccc(Cl)cc1-c1ccccc1)C(=O)O,Ki,=',750.0,nM,6.12,,,UO_0000065,13.64,0.27,1.58,5.32,0,CHEMBL643074,Inhibitory activity against human recombinant ATP-Citrate Lyase (ACL) enzyme,B,BAO_0000357,single protein format,None,None,None,None,None,,,,CHEMBL3720,ATP-citrate synthase,Homo sapiens,SINGLE PROTEIN,CHEMBL1131093,1,Scientific Literature,J Med Chem,1998,None,,,
CHEMBL120008,,None,423.29,0,2.50,50,O=C(O)[C@H](O)[C@@](O)(C[C@H](O)CCCCCCc1ccc(Cl)cc1Cl)C(=O)O,Ki,=',550.0,nM,6.26,,,UO_0000065,14.79,0.32,3.76,4.63,0,CHEMBL643074,Inhibitory activity against human recombinant ATP-Citrate Lyase (ACL) enzyme,B,BAO_0000357,single protein format,None,None,None,None,None,,,,CHEMBL3720,ATP-citrate synthase,Homo sapiens,SINGLE PROTEIN,CHEMBL1131093,1,Scientific Literature,J Med Chem,1998,None,,,
CHEMBL4095161,,None,452.44,0,4.82,C5,Cc1ccc(S(=O)(=O)Nc2ccc3oc(-c4ccccc4)c(C(=O)O)c3c2)cc1[N+](=O)[O-],Inhibition,=',21.0,%,,,,UO_0000187,,,,,0,CHEMBL4001967,Inhibition of ATP citrate lyase (unknown origin) at 10 uM using sodium citrate as substrate in presence of CoA/ATP by ADP-Glo luminescence assay relative to control,B,BAO_0000357,single protein format,Homo sapiens,None,None,None,None,,,,CHEMBL3720,ATP-citrate synthase,Homo sapiens,SINGLE PROTEIN,CHEMBL4000242,1,Scientific Literature,Bioorg Med Chem Lett,2017,None,,,
CHEMBL3261914,,None,428.03,0,3.41,1d,Cc1cc(O)c2c(c1)C(=O)c1c(Br)c(O)c(Br)c(O)c1C2=O,IC50,=',2900.0,nM,5.54,,,UO_0000065,12.94,0.34,2.13,5.84,0,CHEMBL4001214,Inhibition of ATP citrate lyase (unknown origin) using sodium citrate as substrate after 60 mins by ADP-Glo luminescence assay,B,BAO_0000357,single protein format,Homo sapiens,None,None,None,None,,,,CHEMBL3720,ATP-citrate synthase,Homo sapiens,SINGLE PROTEIN,CHEMBL4000187,1,Scientific Literature,Eur J Med Chem,2017,None,,,
CHEMBL4100314,,None,367.40,0,2.87,1q,Cc1cc(O)c2c(c1)C(=O)c1cc(O)c(CN3CCCCC3)c(O)c1C2=O,Inhibition,=',6.0,%,,,,UO_0000187,,,,,0,CHEMBL4001213,Inhibition of ATP citrate lyase (unknown origin) at 10 uM using sodium citrate as substrate after 60 mins by ADP-Glo luminescence assay relative to control,B,BAO_0000357,single protein format,Homo sapiens,None,None,None,None,,,,CHEMBL3720,ATP-citrate synthase,Homo sapiens,SINGLE PROTEIN,CHEMBL4000187,1,Scientific Literature,Eur J Med Chem,2017,None,,,
CHEMBL4062121,,None,350.33,0,2.29,1o,Cc1cc(O)c2c(c1)C(=O)c1cc(O)c(-c3cnn(C)c3)c(O)c1C2=O,IC50,=',13300.0,nM,4.88,,,UO_0000065,13.92,0.26,2.59,4.33,0,CHEMBL4001214,Inhibition of ATP citrate lyase (unknown origin) using sodium citrate as substrate after 60 mins by ADP-Glo luminescence assay,B,BAO_0000357,single protein format,Homo sapiens,None,None,None,None,,,,CHEMBL3720,ATP-citrate synthase,Homo sapiens,SINGLE PROTEIN,CHEMBL4000187,1,Scientific Literature,Eur J Med Chem,2017,None,,,
CHEMBL118897,,None,348.42,0,2.80,110,O=C(O)CC(O)(CSCCCc1ccc2ccccc2c1)C(=O)O,Ki,=',300000.0,nM,,Outside typical range,,UO_0000065,,,,,0,CHEMBL642005,Inhibitory activity against human recombinant ATP-Citrate Lyase activity was measured by the maleate dehydrogenase catalyzed reduction of oxaloacetate by NADH,B,BAO_0000357,single protein format,None,None,None,None,None,,,,CHEMBL3720,ATP-citrate synthase,Homo sapiens,SINGLE PROTEIN,CHEMBL1129688,1,Scientific Literature,J Med Chem,1996,None,,,
CHEMBL4069368,,None,438.52,1,5.97,A5,CCCCCCc1cc2c3c(c(=O)oc2cc1OCc1cc(C(=O)O)oc1C)CCCC3,Inhibition,=',95.0,%,,,,UO_0000187,,,,,0,CHEMBL4001967,Inhibition of ATP citrate lyase (unknown origin) at 10 uM using sodium citrate as substrate in presence of CoA/ATP by ADP-Glo luminescence assay relative to control,B,BAO_0000357,single protein format,Homo sapiens,None,None,None,None,,,,CHEMBL3720,ATP-citrate synthase,Homo sapiens,SINGLE PROTEIN,CHEMBL4000242,1,Scientific Literature,Bioorg Med Chem Lett,2017,None,,,
CHEMBL4096601,,None,350.33,0,4.12,A6,Cc1oc(C(=O)O)cc1COc1ccc2c(c1)oc(=O)c1ccccc12,Inhibition,=',3.0,%,,,,UO_0000187,,,,,0,CHEMBL4001967,Inhibition of ATP citrate lyase (unknown origin) at 10 uM using sodium citrate as substrate in presence of CoA/ATP by ADP-Glo luminescence assay relative to control,B,BAO_0000357,single protein format,Homo sapiens,None,None,None,None,,,,CHEMBL3720,ATP-citrate synthase,Homo sapiens,SINGLE PROTEIN,CHEMBL4000242,1,Scientific Literature,Bioorg Med Chem Lett,2017,None,,,
CHEMBL4067734,,None,411.41,0,4.74,C6,O=C(O)c1c(-c2ccccc2)oc2ccc(NS(=O)(=O)c3ccc(F)cc3)cc12,Inhibition,=',19.0,%,,,,UO_0000187,,,,,0,CHEMBL4001967,Inhibition of ATP citrate lyase (unknown origin) at 10 uM using sodium citrate as substrate in presence of CoA/ATP by ADP-Glo luminescence assay relative to control,B,BAO_0000357,single protein format,Homo sapiens,None,None,None,None,,,,CHEMBL3720,ATP-citrate synthase,Homo sapiens,SINGLE PROTEIN,CHEMBL4000242,1,Scientific Literature,Bioorg Med Chem Lett,2017,None,,,
CHEMBL1611310,,None,364.35,0,4.43,A7,Cc1oc(C(=O)O)cc1COc1ccc2c(oc(=O)c3ccccc32)c1C,Inhibition,=',84.0,%,,,,UO_0000187,,,,,0,CHEMBL4001968,Inhibition of ATP citrate lyase (unknown origin) at 100 uM using sodium citrate as substrate in presence of CoA/ATP by ADP-Glo luminescence assay relative to control,B,BAO_0000357,single protein format,Homo sapiens,None,None,None,None,,,,CHEMBL3720,ATP-citrate synthase,Homo sapiens,SINGLE PROTEIN,CHEMBL4000242,1,Scientific Literature,Bioorg Med Chem Lett,2017,None,,,
CHEMBL4078628,,None,407.45,0,4.91,C8,Cc1ccc(S(=O)(=O)Nc2ccc3oc(-c4ccccc4)c(C(=O)O)c3c2)cc1,Inhibition,=',93.0,%,,,,UO_0000187,,,,,0,CHEMBL4001968,Inhibition of ATP citrate lyase (unknown origin) at 100 uM using sodium citrate as substrate in presence of CoA/ATP by ADP-Glo luminescence assay relative to control,B,BAO_0000357,single protein format,Homo sapiens,None,None,None,None,,,,CHEMBL3720,ATP-citrate synthase,Homo sapiens,SINGLE PROTEIN,CHEMBL4000242,1,Scientific Literature,Bioorg Med Chem Lett,2017,None,,,
CHEMBL4072433,,None,404.42,0,4.87,A3,Cc1oc(C(=O)O)cc1COc1ccc2c(C)c(Cc3ccccc3)c(=O)oc2c1,IC50,=',11900.0,nM,4.92,,,UO_0000065,12.18,0.22,0.05,5.48,0,CHEMBL4001969,Inhibition of ATP citrate lyase (unknown origin) using sodium citrate as substrate by ADP-Glo luminescence assay,B,BAO_0000357,single protein format,Homo sapiens,None,None,None,None,,,,CHEMBL3720,ATP-citrate synthase,Homo sapiens,SINGLE PROTEIN,CHEMBL4000242,1,Scientific Literature,Bioorg Med Chem Lett,2017,None,,,
CHEMBL122307,,None,473.95,0,4.56,72,O=C(O)C[C@@](O)(C[C@H](O)CCCCCn1c(-c2ccccc2)cc2cc(Cl)ccc21)C(=O)O,Ki,=',370.0,nM,6.43,,,UO_0000065,13.57,0.27,1.87,5.36,0,CHEMBL643074,Inhibitory activity against human recombinant ATP-Citrate Lyase (ACL) enzyme,B,BAO_0000357,single protein format,None,None,None,None,None,,,,CHEMBL3720,ATP-citrate synthase,Homo sapiens,SINGLE PROTEIN,CHEMBL1131093,1,Scientific Literature,J Med Chem,1998,None,,,
CHEMBL120302,,None,446.93,0,4.44,17,O=C(O)C[C@@](O)(C[C@H](O)CCCCCC1c2ccccc2-c2cc(Cl)ccc21)C(=O)O,Ki,=',220.0,nM,6.66,,,UO_0000065,14.90,0.29,2.22,5.79,1,CHEMBL4275779,Inhibition of human ACLY,B,BAO_0000357,single protein format,Homo sapiens,None,None,None,None,,,,CHEMBL3720,ATP-citrate synthase,Homo sapiens,SINGLE PROTEIN,CHEMBL4270641,1,Scientific Literature,Eur J Med Chem,2018,None,,,
CHEMBL120302,,None,446.93,0,4.44,76,O=C(O)C[C@@](O)(C[C@H](O)CCCCCC1c2ccccc2-c2cc(Cl)ccc21)C(=O)O,Ki,=',220.0,nM,6.66,,,UO_0000065,14.90,0.29,2.22,5.79,0,CHEMBL643074,Inhibitory activity against human recombinant ATP-Citrate Lyase (ACL) enzyme,B,BAO_0000357,single protein format,None,None,None,None,None,,,,CHEMBL3720,ATP-citrate synthase,Homo sapiens,SINGLE PROTEIN,CHEMBL1131093,1,Scientific Literature,J Med Chem,1998,None,,,
CHEMBL118107,,None,465.97,0,4.28,(+)-58,Cc1cn(-c2cc(Cl)ccc2CCCCCC[C@@H](O)C[C@](O)(CC(=O)O)C(=O)O)cc1C,Ki,=',580.0,nM,6.24,,,UO_0000065,13.38,0.27,1.96,5.20,0,CHEMBL643074,Inhibitory activity against human recombinant ATP-Citrate Lyase (ACL) enzyme,B,BAO_0000357,single protein format,None,None,None,None,None,,,,CHEMBL3720,ATP-citrate synthase,Homo sapiens,SINGLE PROTEIN,CHEMBL1131093,1,Scientific Literature,J Med Chem,1998,None,,,
CHEMBL4087965,,None,354.36,0,3.85,B1,Cc1c(OCc2ccc(C(=O)O)o2)ccc2c3c(c(=O)oc12)CCCC3,Inhibition,=',18.0,%,,,,UO_0000187,,,,,0,CHEMBL4001967,Inhibition of ATP citrate lyase (unknown origin) at 10 uM using sodium citrate as substrate in presence of CoA/ATP by ADP-Glo luminescence assay relative to control,B,BAO_0000357,single protein format,Homo sapiens,None,None,None,None,,,,CHEMBL3720,ATP-citrate synthase,Homo sapiens,SINGLE PROTEIN,CHEMBL4000242,1,Scientific Literature,Bioorg Med Chem Lett,2017,None,,,
CHEMBL1399565,,None,326.30,0,3.64,D3,Cc1oc2ccc(OC(C(=O)O)c3ccccc3)cc2c1C(=O)O,Inhibition,=',6.0,%,,,,UO_0000187,,,,,0,CHEMBL4001967,Inhibition of ATP citrate lyase (unknown origin) at 10 uM using sodium citrate as substrate in presence of CoA/ATP by ADP-Glo luminescence assay relative to control,B,BAO_0000357,single protein format,Homo sapiens,None,None,None,None,,,,CHEMBL3720,ATP-citrate synthase,Homo sapiens,SINGLE PROTEIN,CHEMBL4000242,1,Scientific Literature,Bioorg Med Chem Lett,2017,None,,,
CHEMBL4066576,,None,376.36,0,4.64,A2,Cc1oc(C(=O)O)cc1COc1ccc2c(-c3ccccc3)cc(=O)oc2c1,Inhibition,=',84.0,%,,,,UO_0000187,,,,,0,CHEMBL4001968,Inhibition of ATP citrate lyase (unknown origin) at 100 uM using sodium citrate as substrate in presence of CoA/ATP by ADP-Glo luminescence assay relative to control,B,BAO_0000357,single protein format,Homo sapiens,None,None,None,None,,,,CHEMBL3720,ATP-citrate synthase,Homo sapiens,SINGLE PROTEIN,CHEMBL4000242,1,Scientific Literature,Bioorg Med Chem Lett,2017,None,,,
CHEMBL4095161,,None,452.44,0,4.82,C5,Cc1ccc(S(=O)(=O)Nc2ccc3oc(-c4ccccc4)c(C(=O)O)c3c2)cc1[N+](=O)[O-],Inhibition,=',89.0,%,,,,UO_0000187,,,,,0,CHEMBL4001968,Inhibition of ATP citrate lyase (unknown origin) at 100 uM using sodium citrate as substrate in presence of CoA/ATP by ADP-Glo luminescence assay relative to control,B,BAO_0000357,single protein format,Homo sapiens,None,None,None,None,,,,CHEMBL3720,ATP-citrate synthase,Homo sapiens,SINGLE PROTEIN,CHEMBL4000242,1,Scientific Literature,Bioorg Med Chem Lett,2017,None,,,
CHEMBL119628,,None,407.29,0,3.53,1; SB-201076,O=C(O)C[C@@](O)(C[C@H](O)CCCCCCc1ccc(Cl)cc1Cl)C(=O)O,Inhibition,,,%,,,Active,UO_0000187,,,,,0,CHEMBL4001976,Competitive inhibition of ATP citrate lyase (unknown origin) using sodium citrate as substrate by ADP-Glo luminescence assay,B,BAO_0000357,single protein format,Homo sapiens,None,None,None,None,,,,CHEMBL3720,ATP-citrate synthase,Homo sapiens,SINGLE PROTEIN,CHEMBL4000242,1,Scientific Literature,Bioorg Med Chem Lett,2017,None,,,
CHEMBL121009,,None,451.95,0,3.78,74,O=C(O)C[C@@](O)(C[C@H](O)CCCCCn1c2c(c3cc(Cl)ccc31)CCCC2)C(=O)O,Ki,=',2900.0,nM,5.54,,,UO_0000065,12.25,0.24,1.76,4.62,0,CHEMBL643074,Inhibitory activity against human recombinant ATP-Citrate Lyase (ACL) enzyme,B,BAO_0000357,single protein format,None,None,None,None,None,,,,CHEMBL3720,ATP-citrate synthase,Homo sapiens,SINGLE PROTEIN,CHEMBL1131093,1,Scientific Literature,J Med Chem,1998,None,,,
CHEMBL249272,,None,354.16,0,3.78,6,O=S(=O)(Nc1cc(F)cc(F)c1)c1cc(Cl)cc(Cl)c1O,IC50,=',7600.0,nM,5.12,,,UO_0000065,14.45,0.33,1.34,7.71,0,CHEMBL906357,Inhibition of human recombinant ATP-citrate lyase,B,BAO_0000357,single protein format,Homo sapiens,None,None,None,None,,,,CHEMBL3720,ATP-citrate synthase,Homo sapiens,SINGLE PROTEIN,CHEMBL1139904,1,Scientific Literature,Bioorg Med Chem Lett,2007,None,,,
CHEMBL4091629,,None,347.33,0,2.95,1l,Cc1cc(O)c2c(c1)C(=O)c1cc(O)c(-c3cccnc3)c(O)c1C2=O,IC50,=',21100.0,nM,4.68,,,UO_0000065,13.46,0.25,1.73,4.34,0,CHEMBL4001214,Inhibition of ATP citrate lyase (unknown origin) using sodium citrate as substrate after 60 mins by ADP-Glo luminescence assay,B,BAO_0000357,single protein format,Homo sapiens,None,None,None,None,,,,CHEMBL3720,ATP-citrate synthase,Homo sapiens,SINGLE PROTEIN,CHEMBL4000187,1,Scientific Literature,Eur J Med Chem,2017,None,,,
CHEMBL3261914,,None,428.03,0,3.41,1d,Cc1cc(O)c2c(c1)C(=O)c1c(Br)c(O)c(Br)c(O)c1C2=O,Inhibition,>',99.0,%,,,,UO_0000187,,,,,0,CHEMBL4001227,Inhibition of ATP citrate lyase (unknown origin) at 3.3 uM using sodium citrate as substrate after 60 mins by ADP-Glo luminescence assay relative to control,B,BAO_0000357,single protein format,Homo sapiens,None,None,None,None,,,,CHEMBL3720,ATP-citrate synthase,Homo sapiens,SINGLE PROTEIN,CHEMBL4000187,1,Scientific Literature,Eur J Med Chem,2017,None,,,
CHEMBL4073476,,None,369.37,0,1.72,1p,Cc1cc(O)c2c(c1)C(=O)c1cc(O)c(CN3CCOCC3)c(O)c1C2=O,Inhibition,=',10.0,%,,,,UO_0000187,,,,,0,CHEMBL4001213,Inhibition of ATP citrate lyase (unknown origin) at 10 uM using sodium citrate as substrate after 60 mins by ADP-Glo luminescence assay relative to control,B,BAO_0000357,single protein format,Homo sapiens,None,None,None,None,,,,CHEMBL3720,ATP-citrate synthase,Homo sapiens,SINGLE PROTEIN,CHEMBL4000187,1,Scientific Literature,Eur J Med Chem,2017,None,,,
CHEMBL4093181,,None,460.53,1,6.76,A4,CCCCCCc1cc2c(-c3ccccc3)cc(=O)oc2cc1OCc1cc(C(=O)O)oc1C,Inhibition,=',92.0,%,,,,UO_0000187,,,,,0,CHEMBL4001968,Inhibition of ATP citrate lyase (unknown origin) at 100 uM using sodium citrate as substrate in presence of CoA/ATP by ADP-Glo luminescence assay relative to control,B,BAO_0000357,single protein format,Homo sapiens,None,None,None,None,,,,CHEMBL3720,ATP-citrate synthase,Homo sapiens,SINGLE PROTEIN,CHEMBL4000242,1,Scientific Literature,Bioorg Med Chem Lett,2017,None,,,
CHEMBL122192,EMODIN ANTHRONE,None,256.26,0,2.25,2b,Cc1cc(O)c2c(c1)Cc1cc(O)cc(O)c1C2=O,Inhibition,=',0.0,%,,,,UO_0000187,,,,,0,CHEMBL4001213,Inhibition of ATP citrate lyase (unknown origin) at 10 uM using sodium citrate as substrate after 60 mins by ADP-Glo luminescence assay relative to control,B,BAO_0000357,single protein format,Homo sapiens,None,None,None,None,,,,CHEMBL3720,ATP-citrate synthase,Homo sapiens,SINGLE PROTEIN,CHEMBL4000187,1,Scientific Literature,Eur J Med Chem,2017,None,,,
CHEMBL4064876,,None,389.41,0,3.52,1r,Cc1cc(O)c2c(c1)C(=O)c1cc(O)c(CN(C)c3ccccc3)c(O)c1C2=O,Inhibition,=',6.0,%,,,,UO_0000187,,,,,0,CHEMBL4001213,Inhibition of ATP citrate lyase (unknown origin) at 10 uM using sodium citrate as substrate after 60 mins by ADP-Glo luminescence assay relative to control,B,BAO_0000357,single protein format,Homo sapiens,None,None,None,None,,,,CHEMBL3720,ATP-citrate synthase,Homo sapiens,SINGLE PROTEIN,CHEMBL4000187,1,Scientific Literature,Eur J Med Chem,2017,None,,,
CHEMBL4080134,,None,406.39,0,3.57,1k,COc1cc(OC)cc(-c2c(O)cc3c(c2O)C(=O)c2c(O)cc(C)cc2C3=O)c1,Inhibition,=',0.0,%,,,,UO_0000187,,,,,0,CHEMBL4001213,Inhibition of ATP citrate lyase (unknown origin) at 10 uM using sodium citrate as substrate after 60 mins by ADP-Glo luminescence assay relative to control,B,BAO_0000357,single protein format,Homo sapiens,None,None,None,None,,,,CHEMBL3720,ATP-citrate synthase,Homo sapiens,SINGLE PROTEIN,CHEMBL4000187,1,Scientific Literature,Eur J Med Chem,2017,None,,,
CHEMBL123646,,None,411.88,0,3.29,65,O=C(O)C[C@@](O)(C[C@H](O)CCCCCCn1ccc2cc(Cl)ccc21)C(=O)O,Ki,=',3200.0,nM,5.50,,,UO_0000065,13.34,0.27,2.20,4.58,0,CHEMBL643074,Inhibitory activity against human recombinant ATP-Citrate Lyase (ACL) enzyme,B,BAO_0000357,single protein format,None,None,None,None,None,,,,CHEMBL3720,ATP-citrate synthase,Homo sapiens,SINGLE PROTEIN,CHEMBL1131093,1,Scientific Literature,J Med Chem,1998,None,,,
CHEMBL120393,,None,397.86,0,2.90,67,O=C(O)C[C@@](O)(C[C@H](O)CCCCCn1ccc2ccc(Cl)cc21)C(=O)O,Ki,=',41000.0,nM,4.39,,,UO_0000065,11.03,0.22,1.49,3.66,0,CHEMBL643074,Inhibitory activity against human recombinant ATP-Citrate Lyase (ACL) enzyme,B,BAO_0000357,single protein format,None,None,None,None,None,,,,CHEMBL3720,ATP-citrate synthase,Homo sapiens,SINGLE PROTEIN,CHEMBL1131093,1,Scientific Literature,J Med Chem,1998,None,,,
CHEMBL120258,,None,473.95,0,4.56,70,O=C(O)C[C@@](O)(C[C@H](O)CCCCCn1cc(-c2ccccc2)c2cc(Cl)ccc21)C(=O)O,Ki,=',11000.0,nM,4.96,,,UO_0000065,10.46,0.21,0.40,4.13,0,CHEMBL643074,Inhibitory activity against human recombinant ATP-Citrate Lyase (ACL) enzyme,B,BAO_0000357,single protein format,None,None,None,None,None,,,,CHEMBL3720,ATP-citrate synthase,Homo sapiens,SINGLE PROTEIN,CHEMBL1131093,1,Scientific Literature,J Med Chem,1998,None,,,
CHEMBL2165260,,None,465.97,0,4.28,134,Cc1cn(-c2cc(Cl)ccc2CCCCCC[C@H](O)C[C@@](O)(CC(=O)O)C(=O)O)cc1C,Ki,=',580.0,nM,6.24,,,UO_0000065,13.38,0.27,1.96,5.20,0,CHEMBL2169035,Inhibition of human recombinant ACLY,B,BAO_0000357,single protein format,Homo sapiens,None,None,None,None,,,,CHEMBL3720,ATP-citrate synthase,Homo sapiens,SINGLE PROTEIN,CHEMBL2163275,1,Scientific Literature,J Med Chem,2011,None,,,
CHEMBL117164,,None,341.43,0,2.21,87,O=C(O)CC(O)(CSCCCCCCc1cccnc1)C(=O)O,Inhibition,=',35.0,%,,,,UO_0000187,,,,,0,CHEMBL643075,Inhibitory activity against human recombinant ATP-Citrate Lyase activity was measured by the maleate dehydrogenase catalyzed reduction of oxaloacetate by NADH,B,BAO_0000357,single protein format,None,None,None,None,None,,,,CHEMBL3720,ATP-citrate synthase,Homo sapiens,SINGLE PROTEIN,CHEMBL1129688,1,Scientific Literature,J Med Chem,1996,None,,,
CHEMBL119628,,None,407.29,0,3.53,(-)-45,O=C(O)C[C@@](O)(C[C@H](O)CCCCCCc1ccc(Cl)cc1Cl)C(=O)O,Ki,=',770.0,nM,6.11,,,UO_0000065,15.01,0.32,2.58,5.31,0,CHEMBL643074,Inhibitory activity against human recombinant ATP-Citrate Lyase (ACL) enzyme,B,BAO_0000357,single protein format,None,None,None,None,None,,,,CHEMBL3720,ATP-citrate synthase,Homo sapiens,SINGLE PROTEIN,CHEMBL1131093,1,Scientific Literature,J Med Chem,1998,None,,,
CHEMBL2163366,,None,446.93,0,4.44,129-(+/-),O=C(O)C[C@](O)(C[C@@H](O)CCCCCC1c2ccccc2-c2cc(Cl)ccc21)C(=O)O,Ki,=',220.0,nM,6.66,,,UO_0000065,14.90,0.29,2.22,5.79,0,CHEMBL2169035,Inhibition of human recombinant ACLY,B,BAO_0000357,single protein format,Homo sapiens,None,None,None,None,,,,CHEMBL3720,ATP-citrate synthase,Homo sapiens,SINGLE PROTEIN,CHEMBL2163275,1,Scientific Literature,J Med Chem,2011,None,,,
CHEMBL2165260,,None,465.97,0,4.28,135,Cc1cn(-c2cc(Cl)ccc2CCCCCC[C@H](O)C[C@@](O)(CC(=O)O)C(=O)O)cc1C,Ki,=',340.0,nM,6.47,,,UO_0000065,13.88,0.28,2.19,5.39,0,CHEMBL2169035,Inhibition of human recombinant ACLY,B,BAO_0000357,single protein format,Homo sapiens,None,None,None,None,,,,CHEMBL3720,ATP-citrate synthase,Homo sapiens,SINGLE PROTEIN,CHEMBL2163275,1,Scientific Literature,J Med Chem,2011,None,,,
CHEMBL121651,,None,402.87,0,2.88,61,COc1cc(Cl)ccc1CCCCCC[C@@H](O)C[C@](O)(CC(=O)O)C(=O)O,Ki,=',19000.0,nM,4.72,,,UO_0000065,11.72,0.24,1.84,3.80,0,CHEMBL643074,Inhibitory activity against human recombinant ATP-Citrate Lyase (ACL) enzyme,B,BAO_0000357,single protein format,None,None,None,None,None,,,,CHEMBL3720,ATP-citrate synthase,Homo sapiens,SINGLE PROTEIN,CHEMBL1131093,1,Scientific Literature,J Med Chem,1998,None,,,
CHEMBL331772,,None,411.88,0,3.20,73,Cc1cc2cc(Cl)ccc2n1CCCCC[C@@H](O)C[C@](O)(CC(=O)O)C(=O)O,Ki,=',13000.0,nM,4.89,,,UO_0000065,11.86,0.24,1.69,04.07,0,CHEMBL643074,Inhibitory activity against human recombinant ATP-Citrate Lyase (ACL) enzyme,B,BAO_0000357,single protein format,None,None,None,None,None,,,,CHEMBL3720,ATP-citrate synthase,Homo sapiens,SINGLE PROTEIN,CHEMBL1131093,1,Scientific Literature,J Med Chem,1998,None,,,
CHEMBL4103478,,None,376.36,0,3.56,1i,COc1cccc(-c2c(O)cc3c(c2O)C(=O)c2c(O)cc(C)cc2C3=O)c1,IC50,=',21200.0,nM,4.67,,,UO_0000065,12.42,0.23,1.11,4.49,0,CHEMBL4001214,Inhibition of ATP citrate lyase (unknown origin) using sodium citrate as substrate after 60 mins by ADP-Glo luminescence assay,B,BAO_0000357,single protein format,Homo sapiens,None,None,None,None,,,,CHEMBL3720,ATP-citrate synthase,Homo sapiens,SINGLE PROTEIN,CHEMBL4000187,1,Scientific Literature,Eur J Med Chem,2017,None,,,
CHEMBL4065663,,None,304.68,0,2.54,1c,Cc1cc(O)c2c(c1)C(=O)c1c(Cl)c(O)cc(O)c1C2=O,IC50,=',9600.0,nM,05.02,,,UO_0000065,16.47,0.33,2.48,5.29,0,CHEMBL4001214,Inhibition of ATP citrate lyase (unknown origin) using sodium citrate as substrate after 60 mins by ADP-Glo luminescence assay,B,BAO_0000357,single protein format,Homo sapiens,None,None,None,None,,,,CHEMBL3720,ATP-citrate synthase,Homo sapiens,SINGLE PROTEIN,CHEMBL4000187,1,Scientific Literature,Eur J Med Chem,2017,None,,,
CHEMBL4063410,,None,346.77,0,3.45,4,COc1cc2c(c(OC)c1Cl)C(=O)c1c(OC)cc(C)cc1C2=O,Inhibition,=',0.0,%,,,,UO_0000187,,,,,0,CHEMBL4001213,Inhibition of ATP citrate lyase (unknown origin) at 10 uM using sodium citrate as substrate after 60 mins by ADP-Glo luminescence assay relative to control,B,BAO_0000357,single protein format,Homo sapiens,None,None,None,None,,,,CHEMBL3720,ATP-citrate synthase,Homo sapiens,SINGLE PROTEIN,CHEMBL4000187,1,Scientific Literature,Eur J Med Chem,2017,None,,,
CHEMBL4084819,,None,290.70,0,2.90,2c,Cc1cc(O)c2c(c1)Cc1c(Cl)c(O)cc(O)c1C2=O,IC50,=',3800.0,nM,5.42,,,UO_0000065,18.65,0.37,2.52,6.97,0,CHEMBL4001214,Inhibition of ATP citrate lyase (unknown origin) using sodium citrate as substrate after 60 mins by ADP-Glo luminescence assay,B,BAO_0000357,single protein format,Homo sapiens,None,None,None,None,,,,CHEMBL3720,ATP-citrate synthase,Homo sapiens,SINGLE PROTEIN,CHEMBL4000187,1,Scientific Literature,Eur J Med Chem,2017,None,,,
CHEMBL4061755,,None,409.46,0,4.96,C4,CCc1ccc(S(=O)(=O)Nc2cc3c(C(=O)O)c(C)oc3c3ccccc23)cc1,Activity,=',11.9,%,,,,UO_0000187,,,,,0,CHEMBL4001972,Inhibition of ATP citrate lyase in snail expressing HMLE cells assessed as suppression of cancer stemness by measuring CD44 positive/negative and CD24 positive cells at 10 uM after 48 hrs by flow cytometry (Rvb = 4.85 %),B,BAO_0000019,assay format,Homo sapiens,None,None,None,None,,,,CHEMBL3720,ATP-citrate synthase,Homo sapiens,SINGLE PROTEIN,CHEMBL4000242,1,Scientific Literature,Bioorg Med Chem Lett,2017,None,,,
CHEMBL250744,,None,389.26,0,3.48,11,CC(=O)N(C)c1ccc(NS(=O)(=O)c2cc(Cl)cc(Cl)c2O)cc1,IC50,=',10900.0,nM,4.96,,,UO_0000065,12.75,0.28,1.48,5.72,0,CHEMBL906357,Inhibition of human recombinant ATP-citrate lyase,B,BAO_0000357,single protein format,Homo sapiens,None,None,None,None,,,,CHEMBL3720,ATP-citrate synthase,Homo sapiens,SINGLE PROTEIN,CHEMBL1139904,1,Scientific Literature,Bioorg Med Chem Lett,2007,None,,,
CHEMBL399379,,None,424.31,1,5.18,9,COc1ccc(-c2ccccc2)cc1NS(=O)(=O)c1cc(Cl)cc(Cl)c1O,IC50,=',130.0,nM,6.89,,,UO_0000065,16.23,0.35,1.71,9.10,0,CHEMBL906357,Inhibition of human recombinant ATP-citrate lyase,B,BAO_0000357,single protein format,Homo sapiens,None,None,None,None,,,,CHEMBL3720,ATP-citrate synthase,Homo sapiens,SINGLE PROTEIN,CHEMBL1139904,1,Scientific Literature,Bioorg Med Chem Lett,2007,None,,,
CHEMBL400562,,None,430.40,1,06.09,7,CC(C)(C)c1ccc(C(C)(C)C)c(NS(=O)(=O)c2cc(Cl)cc(Cl)c2O)c1,IC50,=',5600.0,nM,5.25,,,UO_0000065,12.20,0.27,-0.84,7.91,0,CHEMBL906357,Inhibition of human recombinant ATP-citrate lyase,B,BAO_0000357,single protein format,Homo sapiens,None,None,None,None,,,,CHEMBL3720,ATP-citrate synthase,Homo sapiens,SINGLE PROTEIN,CHEMBL1139904,1,Scientific Literature,Bioorg Med Chem Lett,2007,None,,,
CHEMBL4094117,,None,418.45,1,5.59,A1,CCCc1cc2c(-c3ccccc3)cc(=O)oc2cc1OCc1cc(C(=O)O)oc1C,Inhibition,=',97.0,%,,,,UO_0000187,,,,,0,CHEMBL4001967,Inhibition of ATP citrate lyase (unknown origin) at 10 uM using sodium citrate as substrate in presence of CoA/ATP by ADP-Glo luminescence assay relative to control,B,BAO_0000357,single protein format,Homo sapiens,None,None,None,None,,,,CHEMBL3720,ATP-citrate synthase,Homo sapiens,SINGLE PROTEIN,CHEMBL4000242,1,Scientific Literature,Bioorg Med Chem Lett,2017,None,,,
CHEMBL4066667,,None,336.30,0,3.82,B2,O=C(O)c1ccc(COc2ccc3c(c2)oc(=O)c2ccccc23)o1,Inhibition,=',9.0,%,,,,UO_0000187,,,,,0,CHEMBL4001967,Inhibition of ATP citrate lyase (unknown origin) at 10 uM using sodium citrate as substrate in presence of CoA/ATP by ADP-Glo luminescence assay relative to control,B,BAO_0000357,single protein format,Homo sapiens,None,None,None,None,,,,CHEMBL3720,ATP-citrate synthase,Homo sapiens,SINGLE PROTEIN,CHEMBL4000242,1,Scientific Literature,Bioorg Med Chem Lett,2017,None,,,
CHEMBL4094117,,None,418.45,1,5.59,A1,CCCc1cc2c(-c3ccccc3)cc(=O)oc2cc1OCc1cc(C(=O)O)oc1C,IC50,=',4100.0,nM,5.39,,,UO_0000065,12.87,0.24,-0.20,5.99,0,CHEMBL4001969,Inhibition of ATP citrate lyase (unknown origin) using sodium citrate as substrate by ADP-Glo luminescence assay,B,BAO_0000357,single protein format,Homo sapiens,None,None,None,None,,,,CHEMBL3720,ATP-citrate synthase,Homo sapiens,SINGLE PROTEIN,CHEMBL4000242,1,Scientific Literature,Bioorg Med Chem Lett,2017,None,,,
CHEMBL4444045,,None,339.48,1,5.87,3,CC1=CCC[C@H]2[C@](C)(Cc3cc(O)cc4ncoc34)[C@@H](C)CC[C@]12C,IC50,=',2800.0,nM,5.55,,,UO_0000065,16.36,0.30,-0.32,12.00,0,CHEMBL4415948,Inhibition of ACL (unknown origin),B,BAO_0000357,single protein format,Homo sapiens,None,None,None,None,,,,CHEMBL3720,ATP-citrate synthase,Homo sapiens,SINGLE PROTEIN,CHEMBL4414588,1,Scientific Literature,J Nat Prod,2019,None,,,
CHEMBL4073613,,None,269.28,0,1.81,C11,Cc1oc2ccc(NS(C)(=O)=O)cc2c1C(=O)O,Inhibition,=',10.0,%,,,,UO_0000187,,,,,0,CHEMBL4001967,Inhibition of ATP citrate lyase (unknown origin) at 10 uM using sodium citrate as substrate in presence of CoA/ATP by ADP-Glo luminescence assay relative to control,B,BAO_0000357,single protein format,Homo sapiens,None,None,None,None,,,,CHEMBL3720,ATP-citrate synthase,Homo sapiens,SINGLE PROTEIN,CHEMBL4000242,1,Scientific Literature,Bioorg Med Chem Lett,2017,None,,,
CHEMBL4065030,,None,363.37,0,3.69,C9,Cc1cc(F)ccc1S(=O)(=O)Nc1ccc2oc(C)c(C(=O)O)c2c1,Inhibition,=',9.0,%,,,,UO_0000187,,,,,0,CHEMBL4001968,Inhibition of ATP citrate lyase (unknown origin) at 100 uM using sodium citrate as substrate in presence of CoA/ATP by ADP-Glo luminescence assay relative to control,B,BAO_0000357,single protein format,Homo sapiens,None,None,None,None,,,,CHEMBL3720,ATP-citrate synthase,Homo sapiens,SINGLE PROTEIN,CHEMBL4000242,1,Scientific Literature,Bioorg Med Chem Lett,2017,None,,,
CHEMBL119628,,None,407.29,0,3.53,15; SB-201076,O=C(O)C[C@@](O)(C[C@H](O)CCCCCCc1ccc(Cl)cc1Cl)C(=O)O,Ki,=',1000.0,nM,6.00,,,UO_0000065,14.73,0.32,2.47,5.21,1,CHEMBL4275779,Inhibition of human ACLY,B,BAO_0000357,single protein format,Homo sapiens,None,None,None,None,,,,CHEMBL3720,ATP-citrate synthase,Homo sapiens,SINGLE PROTEIN,CHEMBL4270641,1,Scientific Literature,Eur J Med Chem,2018,None,,,
CHEMBL121446,,None,389.28,0,04.01,16; SB-204990,O=C(O)C[C@@]1(O)C[C@@H](CCCCCCc2ccc(Cl)cc2Cl)OC1=O,Inhibition,=',91.0,%,,,,UO_0000187,,,,,0,CHEMBL4275780,Inhibition of ACLY in human HepG2 cells assessed as reduction in cholesterol synthesis at 30 uM relative to control,B,BAO_0000219,cell-based format,Homo sapiens,None,None,HepG2,None,,,,CHEMBL3720,ATP-citrate synthase,Homo sapiens,SINGLE PROTEIN,CHEMBL4270641,1,Scientific Literature,Eur J Med Chem,2018,None,,,
CHEMBL4078628,,None,407.45,0,4.91,C8,Cc1ccc(S(=O)(=O)Nc2ccc3oc(-c4ccccc4)c(C(=O)O)c3c2)cc1,Inhibition,=',23.0,%,,,,UO_0000187,,,,,0,CHEMBL4001967,Inhibition of ATP citrate lyase (unknown origin) at 10 uM using sodium citrate as substrate in presence of CoA/ATP by ADP-Glo luminescence assay relative to control,B,BAO_0000357,single protein format,Homo sapiens,None,None,None,None,,,,CHEMBL3720,ATP-citrate synthase,Homo sapiens,SINGLE PROTEIN,CHEMBL4000242,1,Scientific Literature,Bioorg Med Chem Lett,2017,None,,,
CHEMBL4095719,,None,360.37,0,3.86,1g,Cc1cccc(-c2c(O)cc3c(c2O)C(=O)c2c(O)cc(C)cc2C3=O)c1,IC50,=',30000.0,nM,4.52,,,UO_0000065,12.55,0.23,0.66,4.77,0,CHEMBL4001214,Inhibition of ATP citrate lyase (unknown origin) using sodium citrate as substrate after 60 mins by ADP-Glo luminescence assay,B,BAO_0000357,single protein format,Homo sapiens,None,None,None,None,,,,CHEMBL3720,ATP-citrate synthase,Homo sapiens,SINGLE PROTEIN,CHEMBL4000187,1,Scientific Literature,Eur J Med Chem,2017,None,,,
CHEMBL4072039,,None,428.40,0,3.68,3b,Cc1cc(O)c2c(c1)C(=O)c1cc3c(c(O)c1C2=O)CN(c1ccc2ocnc2c1)CO3,IC50,=',29700.0,nM,4.53,,,UO_0000065,10.57,0.19,0.85,4.00,0,CHEMBL4001214,Inhibition of ATP citrate lyase (unknown origin) using sodium citrate as substrate after 60 mins by ADP-Glo luminescence assay,B,BAO_0000357,single protein format,Homo sapiens,None,None,None,None,,,,CHEMBL3720,ATP-citrate synthase,Homo sapiens,SINGLE PROTEIN,CHEMBL4000187,1,Scientific Literature,Eur J Med Chem,2017,None,,,
CHEMBL4446933,,None,355.48,1,5.17,6,CC1=CCC[C@H]2[C@](C)(Cc3cc(O)cc4[nH]c(=O)oc34)[C@@H](C)CC[C@]12C,IC50,=',2800.0,nM,5.55,,,UO_0000065,15.62,0.29,0.38,8.38,0,CHEMBL4415948,Inhibition of ACL (unknown origin),B,BAO_0000357,single protein format,Homo sapiens,None,None,None,None,,,,CHEMBL3720,ATP-citrate synthase,Homo sapiens,SINGLE PROTEIN,CHEMBL4414588,1,Scientific Literature,J Nat Prod,2019,None,,,
CHEMBL4452781,,None,378.56,1,06.03,1,CC1=CCC[C@H]2[C@](C)(Cc3cc(O)cc4nc5n(c34)CCC5)[C@@H](C)CC[C@]12C,IC50,=',2800.0,nM,5.55,,,UO_0000065,14.67,0.27,-0.48,14.59,0,CHEMBL4415948,Inhibition of ACL (unknown origin),B,BAO_0000357,single protein format,Homo sapiens,None,None,None,None,,,,CHEMBL3720,ATP-citrate synthase,Homo sapiens,SINGLE PROTEIN,CHEMBL4414588,1,Scientific Literature,J Nat Prod,2019,None,,,
CHEMBL4452883,,None,378.56,1,06.03,2,C=C1CCC[C@H]2[C@](C)(Cc3cc(O)cc4nc5n(c34)CCC5)[C@@H](C)CC[C@]12C,IC50,=',2800.0,nM,5.55,,,UO_0000065,14.67,0.27,-0.48,14.59,0,CHEMBL4415948,Inhibition of ACL (unknown origin),B,BAO_0000357,single protein format,Homo sapiens,None,None,None,None,,,,CHEMBL3720,ATP-citrate synthase,Homo sapiens,SINGLE PROTEIN,CHEMBL4414588,1,Scientific Literature,J Nat Prod,2019,None,,,
CHEMBL2165262,,None,228.10,0,-1.00,12a,O=C(O)C[C@@](O)(C(=O)O)C(F)(F)C(=O)O,Ki,=',700.0,nM,6.16,,,UO_0000065,26.98,0.56,7.15,4.66,0,CHEMBL4275769,Competitive inhibition of human liver ACLY using varying levels of citrate as substrate,B,BAO_0000019,assay format,Homo sapiens,None,None,None,None,,,,CHEMBL3720,ATP-citrate synthase,Homo sapiens,SINGLE PROTEIN,CHEMBL4270641,1,Scientific Literature,Eur J Med Chem,2018,None,,,
CHEMBL1360911,,None,368.39,0,4.16,A8,Cc1oc(C(=O)O)cc1COc1ccc2c3c(c(=O)oc2c1C)CCCC3,Inhibition,=',90.0,%,,,,UO_0000187,,,,,0,CHEMBL4001968,Inhibition of ATP citrate lyase (unknown origin) at 100 uM using sodium citrate as substrate in presence of CoA/ATP by ADP-Glo luminescence assay relative to control,B,BAO_0000357,single protein format,Homo sapiens,None,None,None,None,,,,CHEMBL3720,ATP-citrate synthase,Homo sapiens,SINGLE PROTEIN,CHEMBL4000242,1,Scientific Literature,Bioorg Med Chem Lett,2017,None,,,
CHEMBL4061755,,None,409.46,0,4.96,C4,CCc1ccc(S(=O)(=O)Nc2cc3c(C(=O)O)c(C)oc3c3ccccc23)cc1,IC50,=',13800.0,nM,4.86,,,UO_0000065,11.87,0.23,-0.10,05.03,0,CHEMBL4001969,Inhibition of ATP citrate lyase (unknown origin) using sodium citrate as substrate by ADP-Glo luminescence assay,B,BAO_0000357,single protein format,Homo sapiens,None,None,None,None,,,,CHEMBL3720,ATP-citrate synthase,Homo sapiens,SINGLE PROTEIN,CHEMBL4000242,1,Scientific Literature,Bioorg Med Chem Lett,2017,None,,,
CHEMBL4590624,,None,516.52,2,5.48,1; Tr-87,C#CC(=O)Nc1ccc(-n2nc(CCC(=O)NC)cc2-c2ccc(-c3ccc(C(F)(F)F)cc3)cc2)cc1,Activity,,,,,,Active,,,,,,0,CHEMBL4415379,Binding affinity to ACYL in human PC9 cells incubated for 1 hr by ABPP-SILAC assay,B,BAO_0000219,cell-based format,Homo sapiens,None,None,None,None,,,,CHEMBL3720,ATP-citrate synthase,Homo sapiens,SINGLE PROTEIN,CHEMBL4414568,1,Scientific Literature,J Med Chem,2019,None,,,
CHEMBL1214277,PURPURONE,None,697.65,3,4.21,6,O=C1C(c2ccc(O)c(O)c2)=c2c(c3c(n2CCc2ccc(O)cc2)=C(c2ccc(O)c(O)c2)C(=O)c2cc(O)c(O)cc2-3)-c2cc(O)c(O)cc21,IC50,=',7000.0,nM,5.16,,,UO_0000065,7.39,0.14,0.94,2.33,0,CHEMBL4275770,Inhibition of ACLY (unknown origin),B,BAO_0000357,single protein format,Homo sapiens,None,None,None,None,,,,CHEMBL3720,ATP-citrate synthase,Homo sapiens,SINGLE PROTEIN,CHEMBL4270641,1,Scientific Literature,Eur J Med Chem,2018,None,,,
CHEMBL3261914,,None,428.03,0,3.41,1d,Cc1cc(O)c2c(c1)C(=O)c1c(Br)c(O)c(Br)c(O)c1C2=O,Inhibition,>',99.0,%,,,,UO_0000187,,,,,0,CHEMBL4001213,Inhibition of ATP citrate lyase (unknown origin) at 10 uM using sodium citrate as substrate after 60 mins by ADP-Glo luminescence assay relative to control,B,BAO_0000357,single protein format,Homo sapiens,None,None,None,None,,,,CHEMBL3720,ATP-citrate synthase,Homo sapiens,SINGLE PROTEIN,CHEMBL4000187,1,Scientific Literature,Eur J Med Chem,2017,None,,,
CHEMBL4094239,,None,522.45,2,7.53,D1,COc1c(F)c(F)c(C(Oc2ccc3oc(-c4ccccc4)c(C(=O)O)c3c2)c2ccccc2)c(F)c1F,Inhibition,=',95.0,%,,,,UO_0000187,,,,,0,CHEMBL4001968,Inhibition of ATP citrate lyase (unknown origin) at 100 uM using sodium citrate as substrate in presence of CoA/ATP by ADP-Glo luminescence assay relative to control,B,BAO_0000357,single protein format,Homo sapiens,None,None,None,None,,,,CHEMBL3720,ATP-citrate synthase,Homo sapiens,SINGLE PROTEIN,CHEMBL4000242,1,Scientific Literature,Bioorg Med Chem Lett,2017,None,,,
CHEMBL4072433,,None,404.42,0,4.87,A3,Cc1oc(C(=O)O)cc1COc1ccc2c(C)c(Cc3ccccc3)c(=O)oc2c1,Inhibition,=',45.0,%,,,,UO_0000187,,,,,0,CHEMBL4001967,Inhibition of ATP citrate lyase (unknown origin) at 10 uM using sodium citrate as substrate in presence of CoA/ATP by ADP-Glo luminescence assay relative to control,B,BAO_0000357,single protein format,Homo sapiens,None,None,None,None,,,,CHEMBL3720,ATP-citrate synthase,Homo sapiens,SINGLE PROTEIN,CHEMBL4000242,1,Scientific Literature,Bioorg Med Chem Lett,2017,None,,,
CHEMBL4061755,,None,409.46,0,4.96,C4,CCc1ccc(S(=O)(=O)Nc2cc3c(C(=O)O)c(C)oc3c3ccccc23)cc1,Inhibition,=',97.0,%,,,,UO_0000187,,,,,0,CHEMBL4001968,Inhibition of ATP citrate lyase (unknown origin) at 100 uM using sodium citrate as substrate in presence of CoA/ATP by ADP-Glo luminescence assay relative to control,B,BAO_0000357,single protein format,Homo sapiens,None,None,None,None,,,,CHEMBL3720,ATP-citrate synthase,Homo sapiens,SINGLE PROTEIN,CHEMBL4000242,1,Scientific Literature,Bioorg Med Chem Lett,2017,None,,,
CHEMBL4083854,,None,424.41,0,04.01,1n,Cc1cc(O)c2c(c1)C(=O)c1c(c(O)c(-c3cccnc3)c(O)c1-c1cccnc1)C2=O,IC50,=',23500.0,nM,4.63,,,UO_0000065,10.91,0.20,0.62,3.84,0,CHEMBL4001214,Inhibition of ATP citrate lyase (unknown origin) using sodium citrate as substrate after 60 mins by ADP-Glo luminescence assay,B,BAO_0000357,single protein format,Homo sapiens,None,None,None,None,,,,CHEMBL3720,ATP-citrate synthase,Homo sapiens,SINGLE PROTEIN,CHEMBL4000187,1,Scientific Literature,Eur J Med Chem,2017,None,,,
CHEMBL4099000,,None,387.39,0,3.54,3a,Cc1cc(O)c2c(c1)C(=O)c1cc3c(c(O)c1C2=O)CN(c1ccccc1)CO3,IC50,=',25800.0,nM,4.59,,,UO_0000065,11.84,0.22,01.05,5.27,0,CHEMBL4001214,Inhibition of ATP citrate lyase (unknown origin) using sodium citrate as substrate after 60 mins by ADP-Glo luminescence assay,B,BAO_0000357,single protein format,Homo sapiens,None,None,None,None,,,,CHEMBL3720,ATP-citrate synthase,Homo sapiens,SINGLE PROTEIN,CHEMBL4000187,1,Scientific Literature,Eur J Med Chem,2017,None,,,
CHEMBL4061755,,None,409.46,0,4.96,C4,CCc1ccc(S(=O)(=O)Nc2cc3c(C(=O)O)c(C)oc3c3ccccc23)cc1,Inhibition,,,%,,,Dose-dependent effect,UO_0000187,,,,,0,CHEMBL4001971,Inhibition of ATP citrate lyase in snail expressing HMLE cells assessed as suppression of cancer stemness by measuring increase in CD44 positive/negative and CD24 positive cells after 48 hrs by flow cytometry,B,BAO_0000019,assay format,Homo sapiens,None,None,None,None,,,,CHEMBL3720,ATP-citrate synthase,Homo sapiens,SINGLE PROTEIN,CHEMBL4000242,1,Scientific Literature,Bioorg Med Chem Lett,2017,None,,,